FERTILZER PRODUCT CATALOGUE,,,,,,,,,,nutrients,,,,,,,,,,,,,,,Countries,,,,,,,,,,,,,,,,,,,,,,,,,,,,,,,,,
HS Code,AFO 8 code,AFO 10 code,CPC code,Class,Fertilizer Name (industry),FAO product description,Description,Brand Name,Usage,Type,N,P,K,S,MgO,CaO,Zn,B,Mn,Cu,Fe,Mo,Cl,ALG,BEN,BUR,BDI,CMR,COD,EGY,ETH,GHA,GBS,GUI,CIV,KEN,LBR,MAD,MAW,MLI,MRI,MOZ,NIG,NGR,RSA,RWA,SEN,SEY,SLE,SUD,TAN,TOG,UGA,ZAM,ZIM,Main use [crops],Recommened Application Rates,Source
31010000,,,34654,Organic Fertilizers,Organic Fertilizers,Organic material,Total of Organic Materials,,Fertilizers,,,,,,,,,,,,,,,,X,X,,X,X,,,X,X,,X,X,,,,X,,X,X,X,,,X,,,,X,X,,X,,,,
28141000,,,34651,Nitrogenous fertilizers,Anhydrous Ammonia,"Ammonia, anhydrous",,,,G,82,0,0,0,,,,,,,,,,,,,,X,X,,,,,,,X,,,,X,,X,,X,,,X,,,,X,,,,,,,
28142000,,,34652,Nitrogenous fertilizers,Ammonium Hydroxide,,Ammonia in Aqueous Solution,,,L,25,0,0,0,,,,,,,,,,,,,,X,X,,,,,,,X,,,,X,,,,X,,,,,,,X,,,,,,,
31021000,,,34611,Nitrogenous fertilizers,Urea,Urea,Prilled Urea,,Fertilizers,S,46,0,0,0,,,,,,,,,,,X,X,X,X,,,X,X,X,,X,X,,,X,X,,X,X,X,,X,X,,X,,X,X,X,X,,"Maize, Sugarcane, Flowers, Potato, Pineapple, Pea, Rice,  Oil-Palm, Cotton,  Tobacco, Wheat",,
31022100,,,34612,Nitrogenous fertilizers,Ammonium sulphate,Ammonium sulphate,,,,S,21,0,0,24,,,,,,,,,,,,X,X,X,,,,X,X,,X,X,,,,X,,,X,X,,X,X,,,,X,X,X,X,,"Flowers, Rice, Cotton, Cassava. Groundnut, Wheat",,
31022900,,,,Nitrogenous fertilizers,Double Salts of AS or AN,Ammonium sulphate nitrate,Ammonium Sulphate Nitrate,,,,26,0,0,13,,,,,,,,,,,X,X,,,,,,,X,,X,,,,,X,,X,,X,,,X,,,,,X,,X,,"Wheat, Potatoes and Vegetables, Coffee",,
31023000,,,34613,Nitrogenous fertilizers,Ammonium nitrate,Ammonium nitrate,,,Mostly Industrial,S,33,0,0,0,,,,,,,,,,,X,X,,X,X,,,X,X,,X,X,,,,X,,X,X,X,,X,X,,,,X,X,X,X,,Horticulture,,
31024000,,,34615,Nitrogenous fertilizers,CAN,Calcium ammonium nitrate,Calcium Ammonium Nitrate,,,S,21,0,0,0,,,,,,,,,,,,,,,X,,,X,,,X,X,,,X,,,X,,X,,,X,,,,X,,X,X,,"Maize, Wheat + Barley, Sugarcane, Flowers, Coffee, Tobacco, Potato, Pineapple, Pea",,
31025000,,,34150,Nitrogenous fertilizers,Sodium Nitrate, Sodium nitrate,,,,S,16,0,0,0,,,,,,,,,,,,X,,X,,,,X,,,X,X,,,,X,,X,X,X,,X,X,,,,X,,,X,,,,
31026000,,,,Nitrogenous fertilizers,Calcium Nitrate ,Calcium nitrate,,,,S,16,0,0,0,0,19,,,,,,,,,,X,X,X,,,,X,,,X,X,,,,X,,,,,,,X,,,,X,,X,X,,Flowers,,
31027000,,,,Nitrogenous fertilizers,Calcium Cyanamides,Calcium Cyanamid,,,,,,,,,,,,,,,,,,,,,,,,,,,,,,,,,,,,,,,,,,,,,,,,X,,,,
31028000,,,34618,Nitrogenous fertilizers,UAN,Urea and ammonium nitrate solutions,,,,L,32,0,0,0,,,,,,,,,,,,X,,,,,,X,,,,X,,,,X,,,,X,,,X,,,,X,,,X,,,,
31029000,,,34619,Nitrogenous fertilizers,Other Nitrogenous Fertilizers,Other straight nitrogen,,,,,,,,,,,,,,,,,,,,,,X,,,,,,,,X,,,,,,,,,,,,,,,,,,,,,,
31031000,,,34621,Phosphate fertilizers,SSP,Superphosphate,Single Super Phosphate,,,S,0,18,0,12,,,,,,,,,,,X,X,,X,X,,,,,,X,X,,X,,X,,X,X,X,,,X,,,,X,,X,X,,"Tea, Beans, Coffee, Potato, Pea, Pinapple, Cassava, Groundnut, Legumes",300KG/ha for Groundnut and Legumes,
31031010,,,34621,Phosphate fertilizers,TSP,Superphosphate above 35%,Triple Super Phosphate,,,S,0,46,0,0,,,,,,,,,,,,,X,,,,,X,,,X,X,,,,X,,,X,X,,,,,,,X,,X,,,"Tea, Flowers, Coffee, Potato, Pea, Pinapple",,
31032000,,,,Phosphate fertilizers,Basic slag , Basic slag,,,,,,,,,,,,,,,,,,,,,,,,,,,,,,,,,,,,,,,,,,,,,,,,X,,,,
25100000,,,16110,Phosphate fertilizers,Phosphate Rock,Phosphate rock,,,,S,0,30,0,0,,,,,,,,,,,,,,X,,,,X,,,,X,,,,X,,X,,X,,,,,,,X,,X,,,,,
31039000,,,34629,Phosphate fertilizers,Other Phosphatic Fertilizers, Other straight phosphates,,,,,,,,,,,,,,,,,,,,,,X,,,,,,,,X,,,,,,,,,,,,,,,X,,,,,,,
31041000,,,,Potash fertilizers,Crude potash salts,Crude potash salts,,,,,,,,,,,,,,,,,,,,,,,,,,,,,,,,,,,,,,,,,,,,,,,,X,,,,
31042000,,,34631,Potash fertilizers,MOP,Potassium chloride (Muriate of potash),Potassium Chloride or Muriate Of Potash ,,,S,0,0,60,0,,,,,,,,,,,X,X,X,X,X,,,X,,,X,X,,X,,X,,X,X,X,,,X,,,,X,X,X,X,,"Tea, Sugarcane, Coffee, Rice, Oil-Palm, Pineapple, Cassava, Groundnut",,
31043000,,,34632,Potash fertilizers,SOP,Potassium sulphate,Potassium Sulphate                          ,,,S,0,0,50,18,,,,,,,,,,,X,X,X,X,,,,X,,,X,X,,X,,X,,,,X,,X,X,,,,X,X,X,X,,"Cereals, Sugarcane",,
31049000,,,34639,Potash fertilizers,Other Potassic Fertilizers,,,,,,,,,,,,,,,,,,,,,,,X,,,,X,,,,X,,,,,,,,X,,,,,,,X,,,,,,,
31053000,,,34642,Complex fertilizers,DAP,Diammonium phosphate (DAP),Di Ammonium Phosphate                       ,,Fertilizers,S,18,46,0,0,,,,,,,,,,,,X,X,X,X,,X,X,,,X,X,,X,,X,,X,X,,,X,X,,,,X,X,X,X,,"Maize, Beans, Tea, Wheat + Barley, Sugarcane, flowers and Rice",,
31054000,,,34643,Complex fertilizers,MAP,Monoammonium phosphate (MAP),Mono Ammonium Phosphate,,,S,11,52,0,0,,,,,,,,,,,X,X,,X,,,,X,,,X,X,,X,,X,,X,,X,,,X,,,,X,X,X,X,,"Sugarcane, Flowers",,
31052000,,,34641,Complex fertilizers,NPK (Known Grades),NPK complex >10kg,,,,,,,,,,,,,,,,,,,,,,,,,,,,,,,,,,,,,,,,,,,,,X,,,,,,,
31055100,,,34644,Complex fertilizers,NP,Other nitrogen & phosphates compounds,Nitrogen and Phosphorus Fertilizers,,,,20,25,0,0,,,,,,,,,,,,,,,,,,X,,,,X,,,,,,X,,X,,,,,,,,,,,,,,
28342100,,,34646,Complex fertilizers,Potassium Nitrate,"Potassium nitrate 
",,,,S,13,0,45,0,,,,,,,,,,,,,,,X,,,X,,,,X,,,,,,,,,,,,,,,X,,,,,Tobacco,,
31056000,,,34645,Complex fertilizers,PK Compounds,PK compounds,Phosphorus and Potassium ,,,S,0,20,25,0,,,,,,,,,,,,,,,X,,,X,,,,,,,,,,X,,,,,,,,,,,,X,,,,
31059000,,,34649,Complex fertilizers,NPK (Unknown Grade),,,,,,,,,,,,,,,,,,,,,,,,,,,,,,,,,,,,,X,,X,,,,,,,X,,,,,,,
25302000,,,,,Kieserite,,,,Soil enhancers,S,0,0,0,20,27,55,,,,,,,,,,,X,,,,,X,,,,,,,,,,,,,,,,,,,,,,,,,,
28250000,,,,,Agric Lime,,,,Soil enhancer,S,0,0,0,0,20,30,,,,,,,,,,,,,,,,,,,,,,,,,,,,,,,,,,,X,,X,,,,,
28272000,,,,,Calcium chloride,,,,,,,,,,,,,,,,,,,,,,,,,,,,,,,,,,,,,,,,,,,,,,X,,,,,,,
28401900,,,,,Borax,,,,,S,,,,,,,,,,,,,,,,,X,,,,,,,,,,,,,,,,,,,,,,,,X,,,,,,,
,,,,,Dolimite,,,,,,,,,,,,,,,,,,,,,,X,,,,,,,,,,,,,,,,,,,,,,,,,,,,,,,
28332500,,,,,Copper Sulphate,,,,,S,,,,,,,,,,,,,,,,,,,,,,,,,,,,,,,,,,,,,,,,,,,,,,,,
28342990,,,,,Magnesium Nitrate,,,,Soil enhancer,S,11,0,0,0,"9,6",,,,,,,,,,,,,,,,,,,,,X,,,,,,,,,,,,,,,X,,X,,,Flowers,,
28332100,,,,,Magnesium Sulphate,,,,,S,0,0,0,14,"9,1",,,,,,,,,,,,,,,,,X,,,,X,,,,,,,,X,,,,,,,X,,X,X,,Flowers,,
28352400,,,34645,Complex fertilizers,MKP,,Monopotassium phosphate,,,S,0,34,52,0,,,,,,,,,,,,,,,,,,,,,,X,,,,,,,,,,,,,,,X,,X,,,,,
28332930,,,,,Zinc Sulphate,,,,,S,0,0,0,"35,5",,,,,,,,,,,,,,,,,,,,,,X,,,,,,,,,,,,,,,X,,X,,,,,
31010000,,,34654,Organic Fertilizers,Organic Fertilizers,Organic material,,ELFER BIOSOIL,,L,,,,,,,,,,,,,,,,,,,,,,,,,,X,,,,,,,,,,,,,,,,,,,,,,
31052000,,,34641,Complex fertilizers,NPK,NPK complex >10kg,,ELFERT K,,S,,,,,,,,,,,,,,,,,,,,,,,,,,,,,,,,,,,,,,,,,,,,,,,,
31010000,,,34654,Organic Fertilizers,Organic Fertilizers,Organic material,,FARMCHEM SIAPTON,,,,,,,,,,,,,,,,,,,,,,,,,,,,,,,,,,,,,,,,,,,,,,,,,,
31042000,,,34631,Potash fertilizers,MOP,Potassium chloride (Muriate of potash),Potassium Chloride or Muriate Of Potash ,KORN-KALI,,S,0,0,40,12,6,,,,,,,,,,,,,,,,,,,,,,,,,,,,,,,,,,,,X,,X,X,,,,www.kali-gmbh.com/uken/fertiliser/products/kornkali.html
25100000,,,16110,Phosphate fertilizers,MRP,Phosphate rock,,MINJINGU ROCK PHOSPHATE,,S,0,30,0,,,,,,,,,,,,,,,,,,,,,,,,,,,,,,,,,,,,,,X,,,,,food / cash crops,200-300 kg/ha,
31029100,,,34619,Nitrogenous Fertilizers,Nitrogenous Fertilizers,,,OMEX CALMAX,,L,15,0,0,0,0,22,,,,,,,,,,,,,,,,,,,,,,,,,,,,,,,,,,,,,,,,"Tomato, Potato, Horticulture, ornamentals",1.5-3.5L/ha 30-70ml/20L,www.murphychemicals.co.ke/agro_products.php?products_id=50
31026000,,,,Nitrogenous fertilizers,Calcium Nitrate,,,OMNICAL,,S,"15,5",0,0,0,0,"19,5",,,,,,,,,,,,,,,,,,,,,,,,,,,,,,,,,,,,,,,,,,www.agsure.com.au/fertiliser/soluble-solids/calcium/omnia-omnical-calcium-nitrate-25kg
31029100,,,34619,Nitrogenous Fertilizers,Nitrogenous Fertilizers,,,MAVUNO TOP DRESSING FERTILIZER,,S,30,0,0,5,0,10,,,,,,,,,,,,,,,,,,,,X,,,,,,,,,,,,,,,X,,,,,,,www.fipsafrica.org/downloads/whyusemavuno.pdf
31043000,,,34632,Potash fertilizers,SOP,Potassium sulphate,Potassium Sulphate                          ,PATENTKALI                                   ,,S,0,0,30,42,10,,,,,,,,,,,,,,,,,,,,,,,,,,,,,,,,,,,,,,,,,,,www.kali-gmbh.com/uken/fertiliser/products/patentkali.html
31010000,,,34654,Organic Fertilizers,Organic Fertilizers,Organic material,,WOKOZIM,,L,,,,,,,,,,,,,,,,,,,,,,,,,,,,,,,,,,,,,,,,,,,,,,,,www.oshochem.com/products/agriculture-products/bio-stimulants/wokozim-granular/
31029100,,,34619,Nitrogenous Fertilizers,Nitrogenous Fertilizers,,,YARA AMIDAS,,S,40,0,0,"5,5",,,,,,,,,,,,,,,,,,,,,,,,,,,,,,,,,,,,,,,,,,,,www.yara.us/agriculture/products/yaravera/2458-yaravera-amidas-40-0-0/default.aspx
31024000,,,34615,Nitrogenous fertilizers,CAN,Calcium ammonium nitrate,,Yara Bela,,S,27,0,0,0,"1,6","5,6",,,,,,,,,,,,,,,,,,,,,,,,,,,,,,,,,,,,,,,,,,www.yara.us/agriculture/products/yarabela/2487-yarabela-can-27/default.aspx
31026000,,,,Nitrogenous fertilizers,Calcium Nitrate,,,YARA LIVA NITRABOR,,S,"15,4",0,0,0,0,"25,6",,"0,3",,,,,,,,,,,,,,,,,,X,,,,,,,,,,,,,,,,,,,,Cocoa,,www.yaraghana.com/getdoc/5736cd0b-295d-4a40-bb61-c78348017ce1/yaraliva-nitrabor-v5-ghana.aspx
31022100,,,34612,Nitrogenous fertilizers,Ammonium sulphate,Ammonium sulphate,,YARA SULFAN,,S,24,0,0,6,,,,,,,,,,,,,,,,,,,,,,X,,,,,,,,,,,,,,,,,,,,,,www.yaraghana.com/Products/Our-Nitrogen-Source/YaraBela%E2%84%A2-SULFAN%E2%84%A2.aspx
31029100,,,34619,Nitrogenous Fertilizers,Nitrogenous Fertilizers,,,YARAVITA BORTRAC                             ,,L,4,0,0,0,0,0,0,"10,9",,,,,,,,,,,,,,,,,,,,,,,,,,,,,,,,,,,,,,,,www.yara.us/images/front%20label_Bortrac_tcm362-56454.pdf
31056000,,,34645,Complex fertilizers,PK 0 23 15 + 4S +1MgO + 10CaO + Z,PK compounds,,,,,0,23,15,4,1,10,1,,,,,,,,,,,,,,,X,,,,X,,,,,,,,,,,,,,,,,,,,Legumes,,
31056000,,,34645,Complex fertilizers,PK 0 23 19,PK compounds,,,,,0,23,19,,,,,,,,,,,,,,,,,,,,,,X,,,,,,,,,,,,,,,,,,,,,,,
31056000,,,34645,Complex fertilizers,PK 0 60 20,PK compounds,,,,,0,60,20,,,,,,,,,,,,,,,,,,,,,,,X,,,,,,,,,,,,,,,,,,,,,,
31056000,,,34645,Complex fertilizers,PK 0 32 25,PK compounds,,PHOSGARD PLUS,,L,0,32,25,0,,,,,,,,,,,,,,,,,,,,,,X,,,,,,,,,,,,,,,,,X,,,,,
31056000,,,34645,Complex fertilizers,PK 0 42 28,PK compounds,,TRAFOS K,,L,0,42,28,0,,,,,,,,,,,,,,,,,,,,,,X,,,,,,,,,,,,,,,,,,,,"Flowers, Fruits, Vegetables, Potato, Cucumber, Watermelon, Tomato, Eggplant, Ornamentals","6-18L.ha for Fruits, 6L/ha for vegetables, 2 x 3l/ha for Potato, 2 x 2-3L/ha for Watermelon, Cucumber, Tomato, Pepper, EggPlant, after transplanting, 3-4 x 2-3L/ha for flowers and Ornamentals during vegetative stages",www.griculture.co.ke/TRAFOSK.pdf
31056000,,,34645,Complex fertilizers,PK 0 73 8.3,PK compounds,,FOSFONIN FLOW,,S,0,73,"8,3",0,,,,,,,,,,,,,,,,,,,,,,X,,,,,,,,,,,,,,,,,,,,"Horticulture, Grapes and Fruits",2-3L/ha for Horticulture and 1-1.5L/ha for Fruits and Grapes,
31052000,,,34641,Complex fertilizers,NPK 1 1 15,NPK complex >10kg,,ECOLOGICAL FERTILIZER,,,1,1,15,,,,,,,,,,,,,,,,,,,X,,,,,,,,,,,,,,,,,,,,,,,,,,
31052000,,,34641,Complex fertilizers,NPK 1 21 19 + TE,NPK complex >10kg,,,,,1,21,19,,,,,,,,,,TE,,,,,,,,,X,,,,,,,,,,,,,,,,,,,,,,,,Cocao,,
31052000,,,34641,Complex fertilizers,NPK 3 2 13,NPK complex >10kg,,FLANAMAT,,,3,2,13,,,,,,,,,,,,,,,,,,,X,,,,,,,,,,,,,,,,,,,,,,,,,,
31052000,,,34641,Complex fertilizers,NPK 4 17 15,NPK complex >10kg,,,,,4,17,15,,,,,,,,,,,,,,,,,,,,,,,,,,,,,,,,,,,,,,X,,,,,,,
31052000,,,34641,Complex fertilizers,NPK 4 18 15,NPK complex >10kg,,COMOUND - V,,,4,18,15,,,,,,,,,,,,,,,,,,,,,,,,,,,,,,,,,,,,,,,,,X,,"Tobacco, Horticulture",,
31052000,,,34641,Complex fertilizers,NPK 4 25 15,NPK complex >10kg,,,,,4,25,15,,,,,,,,,,,,,,,,,,X,,,,,,,,,,,,,,,,,,,,,,,,,,,
31052000,,,34641,Complex fertilizers,NPK 5 7.5 5 + 5S+5CaO,NPK complex >10kg,,,,,5,"7,5",5,5,0,5,,,,,,,,,,,,,,,,X,,,,,,,,,,,,,,,,,,,,,,,,,,
31052000,,,34641,Complex fertilizers,NPK 5 10 27 ,NPK complex >10kg,,,,,5,10,27,,,,,,,,,,,,,,,,,,,X,,,,,,,,,,,,,,,,,,,,,,,,,,
31052000,,,34641,Complex fertilizers,NPK 5 27 20 6S + 6CaO,NPK complex >10kg,,,,,5,27,20,6,0,6,,,,,,,,,,,,,,,,,,,,,,,,,,,,,,,,,,,,,,,,,,
31052000,,,34641,Complex fertilizers,NPK 5 7.5 5 + 5S + 5MgO + TE,NPK complex >10kg,,YARA VITA TRACEL BZ,,S,5,"7,5",5,5,5,0,5,5,"0,1","0,1","0,1","0,1",,,,,,,,,,X,,,,X,,,,,,,,,,,,,,,,,,,,,,www.yaraghana.com/Products/Our-foliars/YaraVita%E2%84%A2-TRACEL%E2%84%A2-BZ.aspx
31052000,,,34641,Complex fertilizers,NPK 5.9  18 30 ,NPK complex >10kg,,POTASPRAY,,,"5,9","17,9","29,9",,,,,,,,,,,,,,,,,,,,,,,X,,,,,,,,,,,,,,,,,,,,,,"www.google.com.gh/url?sa=t&rct=j&q=&esrc=s&source=web&cd=1&cad=rja&uact=8&ved=0CCAQFjAA&url=http%3A%2F%2Fwww.hygrotech.co.za%2Fimages%2FFOLIAR%2520FERTILISERS.pdf&ei=4TGXU7idO4fcOtSFgeAB&usg=AFQjCNFIWUuZ0xdZa7weRubzopd4hZpj7A&sig2=3ZcZ1uxIVObusl5mcGYeSw&bvm=bv.68445247,d.ZWU"
31057000,,,,Complex fertilizers,NK 6 0 3.5,NK compounds other than Potassium nitrate,,ELFER BIOFER,,S,6,0,"3,5",0,,,,,,,,,,,,,,,,,,,,,,X,,,,,,,,,,,,,,,X,,,,,,,
31057000,,,,Complex fertilizers,NK 6 0 20 + TE,NK compounds other than Potassium nitrate,,,,,6,0,2,,,,,,,,,,TE,,,,,,,,,X,,,,,,,,,,,,,,,,,,,,,,,,,,
31052000,,,34641,Complex fertilizers,NPK 6 13 3 + 3.3S + 2MgO + 2.9Mn + 2Zn,NPK complex >10kg,,OMNIBOOST - K,,L,6,13,3,"3,3",2,0,2,0,"2,9",,,,,,,,,,,,,,,,,X,,,,,,,,,,,,,,,,,,,,,,www.australianhumates.com/products/physiological-management/omniboost-k/
31052000,,,34641,Complex fertilizers,NPK 6 20 18,NPK complex >10kg,,,,,6,20,18,,,,,,,,,,,,,,,,,,,,,,,,,,,,,,,,,,,,,,X,,,,,,,
31052000,,,34641,Complex fertilizers,NPK 6 24 20,NPK complex >10kg,,,,,6,24,20,,,,,,,,,,,,,,,,,,,,,,,,,,,,,,,,,,,,,,,,,X,,Tobacco,,
31052000,,,34641,Complex fertilizers,NPK 6 24 21,NPK complex >10kg,,,,,6,24,21,,,,,,,,,,,,,,,,,,,,,,,,,,,,,,,,,,,,,,,,,,,,,
31055100,,,34644,Complex fertilizers,NP 7 20 0 + 2S + 2MgO,Other nitrogen & phosphates compounds,,,,,7,20,0,2,2,,,,,,,,,,,,,,,,,,,,,,,,,,,,,,,,,,,,,,,,,,,
31052000,,,34641,Complex fertilizers,NPK 7 6 44 + 2Mg0,NPK complex >10kg,,,,,7,6,44,0,2,,,,,,,,,,,,,,,,,,,,,X,,,,,,,,,,,,,,,,,,,,,,
31052000,,,34641,Complex fertilizers,NPK 7 12 30 + 2MgO + TE,NPK complex >10kg,,,,,7,12,30,0,2,,,,,,,,TE,,,,,,,,,,,,,X,,,,,,,,,,,,,,,,,,,,,,
31052000,,,34641,Complex fertilizers,NPK 7 14 7,NPK complex >10kg,,ZIMBABWE D COMPOUND,,,7,14,7,,,,,,,,,,,,,,,,,,,,,,,,,,,,,,,,,,,,,,,,,X,,Maize,,
31052000,,,34641,Complex fertilizers,NPK 7 20 13 + (Lime),NPK complex >10kg,,SOYA MIX A,,,7,20,13,,,,,,,,,,,,,,,,,,,,,,,,,,,,,,,,,,,,,,,,,X,,Soya - beans,,
31052000,,,34641,Complex fertilizers,NPK 8 16 24 + 1MgO + 1B,NPK complex >10kg,,,,,8,16,24,0,1,0,0,1,,,,,,,,,,,,,,,,,,,,,,,,,,,,,,,,,,,,,,Tobacco,,
31052000,,,34641,Complex fertilizers,NPK 8 18 9,NPK complex >10kg,,,,,8,18,9,,,,,,,,,,,,,,,,,,,X,,,,,,,,,,,,,,,,,,,,,,,,,,
31052000,,,34641,Complex fertilizers,NPK 8 18 15 + 6S +0.1B,NPK complex >10kg,,,,,8,18,15,6,0,0,0,"0,1",,,,,,,,,,,,,,,,,,,,,,,,,,,,,,,,,,,,,,,,
31052000,,,34641,Complex fertilizers,NPK 8 21 7,NPK complex >10kg,,COMPOUND - S ,,,8,21,7,,,,,,,,,,,,,,,,,,,,,,,,,,,,,,,,,,,,,,,,,X,,Tobacco,,
31052000,31.05.20.17,31.05.20.17.01,34641,Complex fertilizers,NPK 8 32 4 + TE,NPK complex >10kg,,,,,8,32,4,,,,,,,,,,TE,,,,,,,,,,,,,X,,,,,,,,,,,,,,,X,,,,,,,
31052000,31.05.20.16,31.05.20.16,34641,Complex fertilizers,NPK 9 18 36,NPK complex >10kg,,,,,9,18,36,,,,,,,,,,,,,,,,,,,X,,,,,,,,,,,,,,,,,,,,,,,,,,
31052000,31.05.20.17,31.05.20.17.02,34641,Complex fertilizers,NPK 9 23 4 ,NPK complex >10kg,,,,,9,23,4,,,,,,,,,,,,,,,,,,,,,,,,,,,,,,,,,,,,,,,,,,,,,
31052000,,,34641,Complex fertilizers,NPK 9 23 4 + 1S + 2MgO + 0.1Zn,NPK complex >10kg,,,,,9,23,4,1,2,,"0,1",,,,,,,,,,,,,,,,,,,,,,,,,,,,,,,,,,,,,,,,,
31052000,,,34641,Complex fertilizers,NPK 9 45 15,NPK complex >10kg,,,,,9,45,15,,,,,,,,,,,,,,,,,,,,,,,X,,,,,,,,,,,,,,,,,,,,,,
31052000,,,34641,Complex fertilizers,NPK 9.4 25 5.1 ,NPK complex >10kg,,FOSFASPRAY,,S,"9,4","25,3","5,1",,,,,,,,,,,,,,,,,,,,,,,X,,,,,,,,,,,,,,,,,,,,,,"www.google.com.gh/url?sa=t&rct=j&q=&esrc=s&source=web&cd=1&cad=rja&uact=8&ved=0CCAQFjAA&url=http%3A%2F%2Fwww.hygrotech.co.za%2Fimages%2FFOLIAR%2520FERTILISERS.pdf&ei=4TGXU7idO4fcOtSFgeAB&usg=AFQjCNFIWUuZ0xdZa7weRubzopd4hZpj7A&sig2=3ZcZ1uxIVObusl5mcGYeSw&bvm=bv.68445247,d.ZWU"
31052000,,,34641,Complex fertilizers,NPK 10 50 20 + 2MgO,NPK complex >10kg,,FLEXIL P FERTILIZER,,S,10,50,20,0,2,,,,,,,,,,,,,,,,,,,,,X,,,,,,,,,,,,,,,,,,,,,,"www.google.com.gh/url?sa=t&rct=j&q=&esrc=s&source=web&cd=2&ved=0CCUQFjAB&url=http%3A%2F%2Fwww.puccioniusa.com%2Ftechsheets%2Ftech_flexil_p.pdf&ei=WSWXU0eJ_znL1oCQBQ&usg=AFQjCNHfBsbsq9u7iXQ1teYc2QxO-ckIUQ&sig2=xMdhBCZOHpse7YHXuMEQtg&bvm=bv.68445247,d.ZWU"
31055100,,,34644,Complex fertilizers,NP 10 5 0,Other nitrogen & phosphates compounds,,,,,10,5,0,,,,,,,,,,,,,,,,,,,,,,,X,,,,,,,,,,,,,,,,,,,,,,
31052000,,,34641,Complex fertilizers,NPK 10 5 14,NPK complex >10kg,,,,,10,5,14,,,,,,,,,,,,,,,,,,,,,,,,,,,,,,,,,,,,,,X,,,,,,,
31052000,,,34641,Complex fertilizers,NPK 10 5 20 + 6CaO + 11S + MgO + 0.7Zn,NPK complex >10kg,,,,,10,5,20,11,,6,"0,7",,,,,,,,,,,,,,,,,,,,,,,,,,,,,,,,,,,,,,,,,
31052000,,,34641,Complex fertilizers,NPK 10 5 20 + 8CaO + 5S + 2.5MgO + 1Zn,NPK complex >10kg,,,,,10,5,20,5,"2,5",8,1,,,,,,,,,,,,,,,,,,,,,,,,,,,,,,,,,,,,,,,,,
31052000,,,34641,Complex fertilizers,NPK 10 5 30 + TE,NPK complex >10kg,,,,,10,5,30,,,,,,,,,,TE,,,,,,,,,X,,,,,,,,,,,,,,,,,,,,,,,,,,
31052000,,,34641,Complex fertilizers,NPK 10 10 7.5,NPK complex >10kg,,,,,10,10,"7,5",,,,,,,,,,,,,,,,,,,X,,,,,,,,,,,,,,,,,,,,,,,,,,
31052000,,,34641,Complex fertilizers,NPK 10 10 10 + TE,NPK complex >10kg,,,,,10,10,10,,,,,,,,,,TE,,,,,,,,,X,,,,X,,,,,,,,,,,,,,,,,,,,,,
31052000,,,34641,Complex fertilizers,NPK 10 10 20,NPK complex >10kg,,,,,10,10,20,,,,,,,,,,,,,,,,,,,,,,,,,,,,,,,,,,,,,,,,,X,,"Tomato, Eggplant, okra, Pumkins, Impwa",,
31052000,,,34641,Complex fertilizers,NPK 10 10 30,NPK complex >10kg,,,,,10,10,30,,,,,,,,,,,,,,,,,,,X,,,,,,,,,,,,,,,,,,,,,,,,,,
31052000,,,34641,Complex fertilizers,NPK 10 10 35 + 3MgO + TE,NPK complex >10kg,,,,,10,10,35,0,3,,,,,,,,TE,,,,,,,,,,,,,X,,,,,,,,,,,,,,,,,,,,,,
31052000,,,34641,Complex fertilizers,NPK 10 15 15 ,NPK complex >10kg,,,,,10,15,15,,,,,,,,,,,,,,,,,,,,,,,,,,,,,,,,,,,,,,,,,X,,"Onion, Carrot, Potato, Tubers",,
31052000,,,34641,Complex fertilizers,NPK 10 18 20 + 6S + 0.8MgO,NPK complex >10kg,,,,,10,18,20,6,"0,8",,,,,,,,,,,,,,,,,,,,,X,,,,,,,,,,,,,,,,,,,,,,
31052000,,,34641,Complex fertilizers,NPK 10 18 24 + 7S + 0.1B,NPK complex >10kg,,,,,10,18,24,7,0,,,"0,1",,,,,,,,,,,,,,,,,,,,,,,,,,,,,,,,,X,,,,,,,
31055100,,,34644,Complex fertilizers,NPS 10 20 0 + 5S  + 1.5MgO + 20 CaO,Other nitrogen & phosphates compounds,,MINJUNGU MAZAO,,,10,20,0,5,"1,5",20,,,,,,,,,,,,,,,,,,,,X,,,,,,,,,,,,,,,X,,,,,food crops,200-300 kg/ha,
31052000,,,34641,Complex fertilizers,NPK 10 20 16 + 6S + 2B,NPK complex >10kg,,,,,10,20,16,6,0,0,0,2,,,,,,,,X,,,,,,,,,,,,,,,,,,,,,,,,,,,,,,,,
31052000,,,34641,Complex fertilizers,NPK 10 20 10 + 6S,NPK complex >10kg,,COMPOUND-D,,,10,20,10,6,,,,,,,,,,,,,,,,,,,,,,,,,,,,,,,,,,,,,,,,X,,"Maize, Cotton",,
31052000,,,34641,Complex fertilizers,NPK 10 20 40 + TE,NPK complex >10kg,,,,,10,20,40,,,,,,,,,,TE,,,,,,,,,,,,,X,,,,,,,,,,,,,,,,,,,,,,
31052000,,,34641,Complex fertilizers,NPK 10 26 10 + CaO + Mg + B + Zn,NPK complex >10kg,,,,,10,26,10,0,1,1,1,1,,,,,,,,,,,,,,,,,,X,,,,,,,,,,,,,,,,,,,,"Maize, Sugarcane, Wheat",,
31055100,,,34644,Complex fertilizers,NP 10 30 0,Other nitrogen & phosphates compounds,,,,,10,30,0,,,,,,,,,,,,,,,,,,,,,,,X,,,,,,,,,,,,,,,,,,,,,,
31052000,,,34641,Complex fertilizers,NPK 10 40 20 + TE,NPK complex >10kg,,,,,10,40,20,,,,,,,,,,TE,,,,,,,,,,,,,X,,,,,,,,,,,,,,,,,,,,,,
31052000,,,34641,Complex fertilizers,NPK 10 50 10 + TE,NPK complex >10kg,,,,,10,50,10,,,,,,,,,,TE,,,,,,,,,X,,,,X,,,,,,,,,,,,,,,X,,,,,,,
31052000,,,34641,Complex fertilizers,NPK 10 52 10 + 1MgO + TE,NPK complex >10kg,,,,,10,52,10,0,1,,,,,,,,TE,,,,,,,,,,,,,X,,,,,,,,,,,,,,,,,,,,,,
31052000,,,34641,Complex fertilizers,NPK 10 54 10 + TE,NPK complex >10kg,,,,,10,54,10,,,,,,,,,,TE,,,,,,,,,,,,,X,,,,,,,,,,,,,,,,,,,,,,
31052000,,,34641,Complex fertilizers,NPK 11 11 17 + 2MGO + TE,NPK complex >10kg,,,,,11,11,17,0,2,,,,,,,,TE,,,,,,,,,X,,,,,,,,,,,,,,,,,,,,,,,,,,
31052000,,,34641,Complex fertilizers,NPK 12 10 8 + TE,NPK complex >10kg,,MUKPAR BOOSTER                              ,,S,12,10,8,0,,,,,,,,,TE,,,,,,,,,,,,,X,,,,,,,,,,,,,,,X,,,,,,,www.mukpar.com/foliar.html
31057000,,,,Complex fertilizers,NK 12 0 32,NK compounds other than Potassium nitrate,,,,,12,0,32,,,,,,,,,,,,,,,,,,,,,,,,,,,,,,,,,,,,,,,,,X,,Tomato,,
31052000,,,34641,Complex fertilizers,NPK 12 3 22,NPK complex >10kg,,,,,12,3,22,,,,,,,,,,,,,,,,,,,,,,,,,,,,,,,,,,,,,,,,,,,,,
31052000,,,34641,Complex fertilizers,NPK 12 5 30,NPK complex >10kg,,,,,12,5,30,,,,,,,,,,,,,,,,,,,,,,,,,,,,,,,,,,,,,,,,,X,,Horticulture,,
31052000,,,34641,Complex fertilizers,NPK 12 6 28 + 7MgO + TE,NPK complex >10kg,,,,,12,6,28,0,7,,,,,,,,TE,,,,,,,,,,,,,X,,,,,,,,,,,,,,,,,,,,,,
31052000,,,34641,Complex fertilizers,NPK 12 7 24 + 2Mg0 + 7CaO + TE,NPK complex >10kg,,,,,12,7,24,0,2,7,,,,,,,TE,,,,,,,,,,,,,X,,,,,,,,,,,,,,,,,,,,,,
31052000,,,34641,Complex fertilizers,NPK 12 9 8 + TE,NPK complex >10kg,,,,,12,9,8,,,,,,,,,,TE,,,,,,,,,,,,,,,,,,,,,,,,,,,,X,,,,,,,
31052000,,,34641,Complex fertilizers,NPK 12 10 10,NPK complex >10kg,,,,,12,10,10,,,,,,,,,,,,,,,,,,,,,,,X,,,,,,,,,,,,,,,X,,,,,,,
31052000,,,34641,Complex fertilizers,NPK 12 10 18 ,NPK complex >10kg,,,,,12,10,18,,,,,,,,,,,,,,,,,,,,,,,,,,,,,,,,,,,,,,X,,,,,,,
31052000,,,34641,Complex fertilizers,NPK 12 12 12,NPK complex >10kg,,,,,12,12,12,,,,,,,,,,,,,,,,,,,,,,,,,,,,,X,,,,,,,,,,,,X,,"Cabbage, Grape, Spinach, Broccoli, Leaf vegetables",,
31052000,,,34641,Complex fertilizers,NPK 12 12 17 + 2MgO,NPK complex >10kg,,,,,12,12,17,0,2,,,,,,,,,,,,,,,,,X,,,,,,,,,,,,X,,,,,,,,,X,,,"Oil-Palm, Cassava",300KG/ha,
31052000,,,34641,Complex fertilizers,NPK 12 12 36 + TE,NPK complex >10kg,,,,,12,12,36,,,,,,,,,,TE,,,,,,,,,,,,,X,,,,,,,,,,,,,,,,,,,,,,
31052000,,,34641,Complex fertilizers,NPK 12 22 12,NPK complex >10kg,,,,,12,22,12,,,,,,,,,,,,,,,,,,,,,,,,,,,,,,,,,,,,,,,,,X,,Sugarcane,,
31052000,,,34641,Complex fertilizers,NPK 12 22 22 + 0.6 S,NPK complex >10kg,,,,,12,22,22,"0,6",,,,,,,,,,,,,,,,,,,,,X,,,,,,,,,,,,,,,,,,,,,,,
31052000,,,34641,Complex fertilizers,NPK 12 24 12,NPK complex >10kg,,,,,12,24,12,,,,,,,,,,,,,,,,,,,,,,,,,,,,,X,,,,,,,,,,,,,,,,
31052000,,,34641,Complex fertilizers,NPK 12 30 7 + S+ MgO + CaO + TE,NPK complex >10kg,,,,,12,30,7,,,,,,,,,,TE,,,,,,,,,,,,,X,,,,,,,,,,,,,,,,,,,,,,
31052000,,,34641,Complex fertilizers,NPK 12 32 6 + 0.1S + 2MgO + 4CaO + 0.4Zn,NPK complex >10kg,,,,,12,32,6,"0,1",2,4,"0,4",,,,,,,,,,,,,,,,,,,X,,,,,,,,,,,,,,,,,,,,,,
31055100,,,34644,Complex fertilizers,NP 12 37 0 + 3S + 7CaO,Other nitrogen & phosphates compounds,,,,,12,32,0,3,7,,,,,,,,,,,,,,,,,,,,,X,,,,,,,,,,,,,,,,,,,,,,
31055100,,,34644,Complex fertilizers,NP 12 46 0 + 7S,Other nitrogen & phosphates compounds,,,,,12,46,0,7,,,,,,,,,,,,,,,,,,,,,,X,,,,,,,,,,,,,,,,,,,,,,
31052000,,,34641,Complex fertilizers,NPK 12 52 5 + TE ,NPK complex >10kg,,,,,12,52,5,,,,,,,,,,TE,,,,,,,,,,,,,X,,,,,,,,,,,,,,,,,,,,,,
31052000,,,34641,Complex fertilizers,NPK 12.5 4 8,NPK complex >10kg,,,,,"12,5",4,8,,,,,,,,,,,,,,,,,,,,,,X,,,,,,,,,,,,,,,,,,,,,,,
28342100,,,34646,Potastic fertilizers,NK 13 0 46,"Potassium nitrate 
",,KRISTA K,,S,13,0,46,0,,,,,,,,,,,,,,,,,,,,,,,,,,,,,,,,,,,,,,,,,,,0.1-0.5kg/1000L of water indoors and 0.1-1.0kg/1000L of water outdoors,www.lanagragroup.com.ua/en/produkcija/dobriva-dlja-pozakorenevogo-pdzhivlennja--fertigac/jara-krsta/krsta-k/
31052000,,,34641,Complex fertilizers,NPK 13 7 32 + 3MgO,NPK complex >10kg,,,,,13,7,32,0,3,,,,,,,,,,,,,,,,,,,,,X,,,,,,,,,,,,,,,,,,,,,,
31052000,,,34641,Complex fertilizers,NPK 13 11 11 + TE,NPK complex >10kg,,,,,13,11,11,,,,,,,,,,TE,,,,,,,,,,,,,X,,,,,,,,,,,,,,,,,,,,,,
31052000,,,34641,Complex fertilizers,NPK 13 13 13 + 3MgO,NPK complex >10kg,,,,,13,13,13,0,3,,,,,,,,,,,,,,,,,,,,,X,,,,,,,,,,,,,,,,,,,,,,
31057000,,,,Complex fertilizers,NK 14 0 46,NK compounds other than Potassium nitrate,,MULTI K PHAST,,S,"13,5",0,"46,2",0,,,,,,,,,,,,,,,,,,,,,,X,,,,,,,,,,,,,,,,,,,,,,www.haifa-group.com/products/plant_nutrition/multi_k_potassium_nitrate_fertilizer/multi_k_phast.aspx
31052000,,,34641,Complex fertilizers,NPK 14 7 10 + 1MgO,NPK complex >10kg,,,,,14,7,10,0,1,,,,,,,,,,,,,,,,,,,,,X,,,,,,,,,,,,,,,,,,,,,,
31052000,,,34641,Complex fertilizers,NPK 14 13 9 +14S,NPK complex >10kg,,,,,14,13,9,14,,,,,,,,,,,,,,,,,,X,,,,,,,,,,,,,,,,,,,,,,,,,,
31052000,,,34641,Complex fertilizers,NPK 14 14 14 + 1MgO,NPK complex >10kg,,,,,14,14,14,0,1,,,,,,,,,,,,,,,,,,,,,X,,,,,,,,,,,,,,,,,,,,,,
31052000,,,34641,Complex fertilizers,NPK 14 14 20 + 1.5MgO + TE,NPK complex >10kg,,,,,14,14,20,,,,,,,,,,TE,,,,,,,,,,,,,X,,,,,,,,,,,,,,,,,,,,Tobacco,,
31052000,,,34641,Complex fertilizers,NPK 14 26 9 + 3S + 0.5Zn + 0.2B,NPK complex >10kg,,,,,14,26,9,3,,,"0,5","0,2",,,,,,,,,,,,,,,,,,X,,,,,,,,,,,,,,,,,,,,,,
31052000,,,34641,Complex fertilizers,NPK 14 28 18 + TE,NPK complex >10kg,,,,,14,28,18,,,,,,,,,,TE,,,,,,,,,,,,,X,,,,,,,,,,,,,,,,,,,,,,
31052000,,,34641,Complex fertilizers,NPK  15 9 20 + 9.5 S,NPK complex >10kg,,YARA MILA WINNER,,S,15,9,20,"9,5",0,0,"0,02","0,015",,,,,,,,,,,,,,,,,X,,,,,,,,,,,,,,,,,,,,,"Pineapple, Mango, Onions, Tomatoes,  Cassava, Yam, Orange, Pepper, Okro, Cucumber","250kg/ha for Pineapple, Tomatoes, Onions and other vegetables, 1-2kg.ha for Mango, 600kg/ha for Cassava/yam, 400-800kg/ha Citrus/Orange",www.yaraghana.com/Products/Our-Prilled-NPKs/YaraMila%E2%84%A2-WINNER.aspx
31057000,,,,Complex fertilizers,NK 15 0 26,NK compounds other than Potassium nitrate,,,,,15,0,26,,,,,,,,,,,,,,,,,,,,,,,X,,,,,,,,,,,,,,,,,,,,,,
31052000,,,34641,Complex fertilizers,NPK 15 6 12 + 2MgO + TE,NPK complex >10kg,,,,,15,6,12,0,2,,,,,,,,TE,,,,,,,,,,,,,X,,,,,,,,,,,,,,,,,,,,,,
31052000,,,34641,Complex fertilizers,NPK 15 7 25 ,NPK complex >10kg,,,,,15,7,25,,,,,,,,,,,,,,,,,,,X,,,,X,,,,,,,,,,,,,,,,,,,,,,
31052000,,,34641,Complex fertilizers,NPK 15 9 9 + 3MgO,NPK complex >10kg,,,,,15,9,9,0,3,,,,,,,,,,,,,,,,,X,,,,X,,,,,,,,,,,,,,,,,,,,,,
31052000,,,34641,Complex fertilizers,NPK 15 9 20 + TE,NPK complex >10kg,,,,,15,9,20,,,,,,,,,,TE,,,,,,,,,X,,,,X,,,,,,,,,,,,,,,X,,,,,"Pineapple, Mango",,
31052000,,,34641,Complex fertilizers,NPK 15 10 18,NPK complex >10kg,,,,,15,10,18,,,,,,,,,,,,,,,,,,,,,,,X,,,,,,,,,,,,,,,,,,,,Beans,,
31052000,,,34641,Complex fertilizers,NPK 15 10 13 + 4MgO + TE,NPK complex >10kg,,,,,15,10,13,0,4,,,,,,,,TE,,,,,,,,,,,,,X,,,,,,,,,,,,,,,,,,,,,,
31052000,,,34641,Complex fertilizers,NPK 15 10 14 + 12CaO + TE,NPK complex >10kg,,,,,15,10,14,0,0,12,,,,,,,TE,,,,,,,,,,,,,X,,,,,,,,,,,,,,,,,,,,,,
31052000,,,34641,Complex fertilizers,NPK 15 10 30 + 5S + TE,NPK complex >10kg,,,,,15,10,30,5,,,,,,,,,TE,,,,,,,,,,,,,X,,,,,,,,,,,,,,,,,,,,,,
31052000,,,34641,Complex fertilizers,NPK 15 15 6 + 4MgO,NPK complex >10kg,,,,,15,15,6,0,4,,,,,,,,,,,,,,,,,,,,,,,,,,,,,,,,,,X,,,,,,,,,
31052000,,,34641,Complex fertilizers,NPK 15 15 15 ,NPK complex >10kg,,,,,15,15,15,,,,,,,,,,,,,X,,,,,,X,,,X,,,,,,,,X,X,,,,,X,,,,,,,Cereals,,
31052000,,,34641,Complex fertilizers,NPK 15 22 10 + 4MgO,NPK complex >10kg,,,,,15,22,10,0,4,,,,,,,,,,,,,,,,,,,,,X,,,,,,,,,,,,,,,,,,,,,,
31052000,,,34641,Complex fertilizers,NPK 15 24 10 + 3MgO,NPK complex >10kg,,,,,15,24,10,0,3,,,,,,,,,,,,,,,,,,,,,X,,,,,,,,,,,,,,,,,,,,,,
31052000,,,34641,Complex fertilizers,NPK 15 25 8,NPK complex >10kg,,,,,15,25,8,,,,,,,,,,,,,,,,,,,X,,,,,,,,,,,,,,,,,,,,,,,,,,
31052000,,,34641,Complex fertilizers,NPK 15 28 6,NPK complex >10kg,,,,,15,28,6,,,,,,,,,,,,,,,,,,,,,,,X,,,,,,,,,,,,,,,,,,,,,,
31052000,,,34641,Complex fertilizers,NPK 15 28 10 + 6S + 0.3B,NPK complex >10kg,,,,,15,28,10,6,"0,3",,,,,,,,,,,,,,,,,,,,,X,,,,,,,,,,,,,,,,,,,,,,
31052000,,,34641,Complex fertilizers,NPK 15 30 15 + TE,NPK complex >10kg,,,,,15,30,15,,,,,,,,,,TE,,,,,,,,,,,,,X,,,,,,,,,,,,,,,,,,,,,,
31052000,,,34641,Complex fertilizers,NPK 16 16 12,NPK complex >10kg,,WUXAL MACROMIX ,,,16,16,12,,,,,,,,,,,,,,,,,,,,,,,X,,,,,,,,,,,,,,,,,,,,,,www.aglukon.com/3_products/foliar_fertilizers/products.php
31057000,,,,Complex fertilizers,NK 16 0 24,NK compounds other than Potassium nitrate,,,,,16,0,24,,,,,,,,,,,,,,,,,,,,,,,,,,,,,,,,,,,,,,,,,X,,Vegetables,,
31052000,,,34641,Complex fertilizers,NPK 16 6 12 + 2MgO + TE,NPK complex >10kg,,,,,16,6,12,0,2,,,,,,,,TE,,,,,,,,,,,,,X,,,,,,,,,,,,,,,,,,,,,,
31052000,,,34641,Complex fertilizers,NPK 16 6 17 + TE,NPK complex >10kg,,,,,16,6,17,,,,,,,,,,TE,,,,,,,,,,,,,X,,,,,,,,,,,,,,,,,,,,,,
31052000,,,34641,Complex fertilizers,NPK 16 6 21 + 6S + Zn + B,NPK complex >10kg,,,,,16,6,21,6,0,0,1,1,,,,,,,,,,,,,,,,,,,,,,,,,,,,,,,,,,,,X,,Coffee,,
31052000,,,34641,Complex fertilizers,NPK 16 7 15 + 2S,NPK complex >10kg,,,,,16,7,15,2,,,,,,,,,,,,,,,,,,,,,,,,,,,,,,,,,,,,,,,,,,,,
31052000,,,34641,Complex fertilizers,NPK 16 8 16 + TE,NPK complex >10kg,,,,,16,8,16,,,,,,,,,,TE,,,,,,,,,,,,,X,,,,,,,,,,,,,,,,,,,,,,
31052000,,,34641,Complex fertilizers,NPK 16 8.5 23 + 5S,NPK complex >10kg,,,,,16,"8,5",23,5,,,,,,,,,,,,,,,,,,,,,X,,,,,,,,,,,,,,,,,,,,,,,
31052000,,,34641,Complex fertilizers,NPK 16 16 16,NPK complex >10kg,,,,,16,16,16,,,,,,,,,,,,,,,,,,,X,,,,,,,,,,,,,,,,,,,X,,,,,"Coffee, Horticulture",,
31052000,,,34641,Complex fertilizers,NPK 16 18 12,NPK complex >10kg,,COMPOUND - C,,,16,18,12,,,,,,,,,,,,,,,,,,,,,,,,,,,,,,,,,,,,,,,,,X,,"Tobacco, Cotton",,
31052000,,,34641,Complex fertilizers,NPK 16 21 10 + 4MgO,NPK complex >10kg,,,,,16,21,10,0,4,,,,,,,,,,,,,,,,,,,,,X,,,,,,,,,,,,,,,,,,,,,,
31052000,,,34641,Complex fertilizers,NPK 17 7 17,NPK complex >10kg,,,,,17,7,17,,,,,,,,,,,,,,X,,,,,,,,,,,,,,,,,,,,,,,,X,,,,,,,
31052000,,,34641,Complex fertilizers,NPK 17 7 16 + 2MgO + TE,NPK complex >10kg,,,,,17,7,16,0,2,,,,,,,,TE,,,,,,,,,,,,,X,,,,,,,,,,,,,,,,,,,,,,
31052000,,,34641,Complex fertilizers,NPK 17 8 25 ,NPK complex >10kg,,,,,17,8,25,,,,,,,,,,,,,,,,,,,,,,,X,,,,,,,,,,,,,,,,,,,,,,
31052000,,,34641,Complex fertilizers,NPK 17 10 9 + 5MgO + TE,NPK complex >10kg,,,,,17,10,9,0,5,,,,,,,,TE,,,,,,,,,,,,,X,,,,,,,,,,,,,,,,,,,,,,
31052000,,,34641,Complex fertilizers,NPK 17 12 11 +3MgO + TE,NPK complex >10kg,,,,,17,12,11,0,3,,,,,,,,TE,,,,,,,,,,,,,X,,,,,,,,,,,,,,,,,,,,,,
31052000,,,34641,Complex fertilizers,NPK 17 17 14,NPK complex >10kg,,COMPOUND - W,,,17,17,14,,,,,,,,,,,,,,,,,,,,,,,,,,,,,,,,,,,,,,,,,X,,Wheat,,
31052000,,,34641,Complex fertilizers,NPK 17 17 17,NPK complex >10kg,,,,,17,17,17,,,,,,,,,,,,,X,,,,,,X,,,,X,,,,,,,,,,X,,,,,X,,X,,,"Sugarcane, Coffee, Potato, Pea, Pinapple",,
31052000,,,34641,Complex fertilizers,NPK 18 4 12,NPK complex >10kg,,,,,18,4,12,,,,,,,,,,,,,,,,,,,,,,,X,,,,,,,,,,,,,,,,,X,,,Coffee,,
31052000,,,34641,Complex fertilizers,NPK 18 5 14,NPK complex >10kg,,,,,18,5,14,,,,,,,,,,,,,,,,,,,,,,,,,,,,,,,,,,,,,,,,,,,,,
31052000,,,34641,Complex fertilizers,NPK 18 5 18 + 2MgO,NPK complex >10kg,,,,,18,5,18,0,2,,,,,,,,,,,,,,,,,,,,,X,,,,,,,,,,,,,,,,,,,,,,
31052000,,,34641,Complex fertilizers,NPK 18 6 12 ,NPK complex >10kg,,,,,18,6,12,,,,,,,,,,,,,,,,,,,,,,,X,,,,,,,,,,,,,,,,,,,,,,
31052000,,,34641,Complex fertilizers,NPK 18 9 27 + 2MgO + TE,NPK complex >10kg,,,,,18,9,27,0,2,,,,,,,,TE,,,,,,,,,,,,,X,,,,,,,,,,,,,,,X,,,,,,,
31052000,,,34641,Complex fertilizers,NPK 18 12 22 + TE,NPK complex >10kg,,,,,18,12,22,,,,,,,,,,TE,,,,,,,,,,,,,X,,,,,,,,,,,,,,,,,,,,,,
31052000,,,34641,Complex fertilizers,NPK 18 18 18 + 3MgO,NPK complex >10kg,,,,,18,18,18,0,3,,,,,,,,,,,,,,,,,,,,,X,,,,,,,,,,,,,,,,,,,,,,
31052000,,,34641,Complex fertilizers,NPK 18 18 18 + TE,NPK complex >10kg,,,,,18,18,18,,,,,,,,,,TE,,,,,,,,,X,,,,,,,,,,,,,,,,,,,,,,,,,,
31052000,,,34641,Complex fertilizers,NPK 18 22 5,NPK complex >10kg,,,,,18,22,5,,,,,,,,,,,,,,,,,,,,,,,X,,,,,,,,,,,,,,,,,,,,,,
31052000,,,34641,Complex fertilizers,NPK 18 24 10 + 1MgO,NPK complex >10kg,,,,,18,24,10,0,1,,,,,,,,,,,,,,,,,,,,,X,,,,,,,,,,,,,,,,,,,,,,
31055100,,,34644,Complex fertilizers,NP 18 44 0 ,Other nitrogen & phosphates compounds,,,,,18,44,0,,,,,,,,,,,,,,,,,,,,,,,X,,,,,,,,,,,,,,,,,,,,,,
31052000,,,34641,Complex fertilizers,NPK 18.5 9 24 + 2.2S + 2MgO,NPK complex >10kg,,,,,"18,5",9,24,"2,2",2,,,,,,,,,,,,,,,,,,,,X,,,,,,,,,,,,,,,,,,,,,,,
31052000,,,34641,Complex fertilizers,NPK 19 19 19 + 1MgO + TE,NPK complex >10kg,,POLYFEED DRIP,,S,19,19,19,0,1,0,"0,0075","0,01","0,025","0,0055","0,05","0,0035",,,,,,,,,,,,,,X,,,,,,,,,,X,,,,,X,,,,,,,www.haifa-group.com/products/plant_nutrition/water_soluble_fertilizers/poly_feed_drip/19_19_19_1mgo_with_micronutrients.aspx
31052000,,,34641,Complex fertilizers,NPK 19 4 19 + 2S + 3MgO + TE,NPK complex >10kg,,,,,19,4,19,2,3,,,,,,,,TE,,,,,,,,,,,,,X,,,,,,,,,,,,,,,,,,,,,,
31052000,,,34641,Complex fertilizers,NPK 19 9 19,NPK complex >10kg,,,,,19,9,19,,,,,,,,,,,,,,,,,,,,,,,,,,,,,,,,,,,,,,,,X,,,,,
31052000,,,34641,Complex fertilizers,NPK 19 19 19,NPK complex >10kg,,,,,19,19,19,,,,,,,,,,,,,,,,,,,X,,,,X,,,,,,,,,,,,,,,X,,,,,Flowers,,
31055100,,,34644,Complex fertilizers,NP 19 38 0 + 7S,Other nitrogen & phosphates compounds,,,,,19,38,0,7,,,,,,,,,,,,,,,,,,,,,,X,,,,,,,,,,,,,,,,,,,,,,
31052000,,,34641,Complex fertilizers,NPK 20 20 20 + TE,NPK complex >10kg,,AGRO FEED,,S,20,20,20,0,,,,,,,,,TE,,,,,,,,,,,,,,,,,,,,,,,,,,,,,,,,,,,www.mukpar.com/foliar.html
31052000,,,34641,Complex fertilizers,NPK 20 3.5 11.6 + 5S + 1.2MgO + TE,NPK complex >10kg,,YARA VITA TRACEL SP,,S,20,"3,5","11,6",5,"1,2",0,"0,14","0,04","0,26","0,2","0,02","0,006",,,,,,,,,,,,,,,,,,,,,,,,,,,,,X,,,,,,,www.yara.com.au/files/tracel_sp_front.pdf
31052000,,,34641,Complex fertilizers,NPK 20 10 10 + 1MgO,NPK complex >10kg,,FARMCHEM SOLUFEED,,S,20,10,10,0,1,,"0,002","0,01","0,01","0,002","0,02","0,0012",,,,,,,,,,,,,,,,,,,,,,,,,,,,,,,,,,,0.5-1kg/ha in 1000L of water,www.farmchemafrica.com/product_info.php?cPath=26&products_id=122&osCsid=f7a3cb436d9d7eedfa17c669a3164b11
31052000,,,34641,Complex fertilizers,NPK 20 6 18 + 2MgO,NPK complex >10kg,,,,,20,6,18,0,2,,,,,,,,,,,,,,,,,,,,,X,,,,,,,,,,,,,,,,,,,,,,
31052000,,,34641,Complex fertilizers,NPK 20 10 10,NPK complex >10kg,,,,,20,10,10,,,,,,,,,,,,,,X,,,,,X,,,,X,,,,,,,X,X,,X,,,,,X,,X,,,"Coffee, Cereals",400kg/ ha for Cereals,
31052000,,,34641,Complex fertilizers,NPK 20 10 5,NPK complex >10kg,,,,,20,10,5,,,,,,,,,,,,,,,,,,,,,,,,,,,,,,,,,,,,,,,,,X,,,,
31052000,,,34641,Complex fertilizers,NPK 20 10 17,NPK complex >10kg,,,,,20,10,17,,,,,,,,,,,,,X,,,,,,,,,,,,,,,,,,,,,,,,,,,,,,,,
31052000,,,34641,Complex fertilizers,NPK 20 10 20,NPK complex >10kg,,,,,20,10,20,,,,,,,,,,,,,,,,,,,,,,,X,,,,,,,,,,,,,,,,,,,,,,
31055100,,,34644,Complex fertilizers,NP 20 20 0,Other nitrogen & phosphates compounds,,COMPOUND-R,,,20,20,0,,,,,,,,,,,,,,,,,,,,,,,X,,,,,,,,,,,,,,,,,,X,,Maize and Sugarcane,,
31052000,,,34641,Complex fertilizers,NPK 20 20 4 + TE,NPK complex >10kg,,,,,20,20,4,,,,,,,,,,TE,,,,,,,,,X,,,,,,,,,,,,,,,,,,,,,,,,,,
31052000,,,34641,Complex fertilizers,NPK 20 20 8,NPK complex >10kg,,,,,20,20,8,,,,,,,,,,,,,,,,,,,,,,,,,,,,,,X,,,,,,,,,,,,,,,
31052000,,,34641,Complex fertilizers,NPK 20 20 20,NPK complex >10kg,,,,,20,20,20,,,,,,,,,,,,,,,,,,,X,,,,X,,,,,,,,,,,,,X,,,,X,,,,,
31052000,,,34641,Complex fertilizers,NPK 20 20 20 + 1MgO + TE,NPK complex >10kg,,,,,20,20,20,,,,,,,,,,TE,,,,,,,,,X,,,,X,,,,,,,,,,,,,,,X,,,,,,,
31052000,,,34641,Complex fertilizers,NPK 20 50 10,NPK complex >10kg,,,,,20,50,10,,,,,,,,,,,,,,,,,,,,,,,X,,,,,,,,,,,,,,,,,,,,,,
31052000,,,34641,Complex fertilizers,NPK 21 6 12 + 4S +6MgO + 15B + 1.5Zn ,NPK complex >10kg,,,,,21,6,12,4,6,0,"1,5",15,,,,,,,,,,,,,,,,,,X,,,,,,,,,,,,,,,,,,,,,,
31052000,,,34641,Complex fertilizers,NPK 21 7 14,NPK complex >10kg,,,,,21,7,14,,,,,,,,,,,,,,,,,,,,,,,X,,,,,,,,,,,,,,,,,,,,Cereals,,
31052000,,,34641,Complex fertilizers,NPK 21 7 21 + TE,NPK complex >10kg,,,,,21,7,21,,,,,,,,,,TE,,,,,,,,,,,,,X,,,,,,,,,,,,,,,,,,,,,,
31052000,,,34641,Complex fertilizers,NPK 21 10 8 + 3MgO + TE,NPK complex >10kg,,,,,21,10,8,0,3,,,,,,,,TE,,,,,,,,,,,,,X,,,,,,,,,,,,,,,,,,,,,,
31052000,,,34641,Complex fertilizers,NPK 21 5 8 + 8.5MgO,NPK complex >10kg,,,,,21,5,8,0,"8,5",,,,,,,,,,,,,,,,,,,,,X,,,,,,,,,,,,,,,,,,,,,,
31052000,,,34641,Complex fertilizers,NPK 22 6 12,NPK complex >10kg,,,,,22,6,12,,,,,,,,,,,,,,,,,,,,,,,,,,,,,,,,,,,,,,X,,X,,,,,
31052000,,,34641,Complex fertilizers,NPK 22 6 12 + 3S + 1MgO + 2CaO + TE,NPK complex >10kg,,,,,22,6,12,3,1,2,,,,,,,TE,,,,,,,,,,,,,X,,,,,,,,,,,,,,,X,,,,,,,
31052000,,,34641,Complex fertilizers,NPK 22 16 18 + TE,NPK complex >10kg,,,,,22,16,18,,,,,,,,,,TE,,,,,,,,,X,,,,,,,,,,,,,,,,,,,,,,,,,,
31052000,,,34641,Complex fertilizers,NPK 22 21 17 + TE,NPK complex >10kg,,,,,22,21,17,,,,,,,,,,TE,,,,,,,,,,,,,X,,,,,,,,,,,,,,,,,,,,Tea,,
31052000,,,34641,Complex fertilizers,NPK 23 10 10 5 + 5S + 2MgO,NPK complex >10kg,,YARA MILA ACTYVA,,S,23,10,5,5,2,0,"0,3",,,,,,,,,,,,,,,X,,,,X,,,,,,,,,,,,,,,,,,,,,,
31052000,,,34641,Complex fertilizers,NPK 23 5 5 + TE,NPK complex >10kg,,,,,23,5,5,,,,,,,,,,TE,,,,,,,,,,,,,,,,,,,,,,,,,,,,X,,,,,,,
31052000,,,34641,Complex fertilizers,NPK 23 5 12 + 2MgO,NPK complex >10kg,,,,,23,5,12,0,2,,,,,,,,,,,,,,,,,,,,,X,,,,,,,,,,,,,,,,,,,,,,
31052000,,,34641,Complex fertilizers,NPK 23 10 5,NPK complex >10kg,,,,,23,10,5,,,,,,,,,,,,,,,,,,,X,,,,X,,,,,,,,,,X,,,,,X,,,,,"Maize, Wheat + Barley",,
31052000,,,34641,Complex fertilizers,NPK 23 10 5 +3S + Zn,NPK complex >10kg,,,,,23,10,5,3,0,0,1,,,,,,,,,,,,,,,,,,,,,,,,,,,,,X,,,,,X,,,,,,,
31052000,,,34641,Complex fertilizers,NPK 23 10 5 +3S + 3MgO + Zn,NPK complex >10kg,,,,,23,10,5,3,3,0,1,,,,,,,,,,,,,,,X,,,,,,,,,,,,,,,,,,,,,,,,,,
31052000,,,34641,Complex fertilizers,NPK 23 10 5 + 3S + 2MgO + 0.3Zn,NPK complex >10kg,,,,,23,10,5,3,2,,,,,,,,,,,,,,,,,,,,,X,,,,,,,,,,,,,,,,,,,,,,
31052000,,,34641,Complex fertilizers,NPK 23 12 12 + TE,NPK complex >10kg,,,,,23,12,12,,,,,,,,,,TE,,,,,,,,,,,,,X,,,,,,,,,,,,,,,,,,,,,,
31055100,,,34644,Complex fertilizers,NP 23 21 0 + 4S,Other nitrogen & phosphates compounds,,,,,23,21,0,4,,,,,,,,,,,,,,,,,,,,,,,,,X,,,,,,,,,,,,,,,,,,,
31055100,,,34644,Complex fertilizers,NP 23 23 0,Other nitrogen & phosphates compounds,,,,,23,23,0,,,,,,,,,,,,,,,,,,,,,,,X,,,,,,,,,,,,,,,,,,,,Maize and Sugarcane,,
31052000,,,34641,Complex fertilizers,NPK 23 23 11 + TE,NPK complex >10kg,,,,,23,23,11,,,,,,,,,,TE,,,,,,,,,,,,,X,,,,,,,,,,,,,,,,,,,,,,
31052000,,,34641,Complex fertilizers,NPK 24 24 18,NPK complex >10kg,,OMEX FOLIAR FEED,,L,24,24,18,0,,,,,,,,,,,,,,,,,,,,,,X,,,,,,,,,,X,,,,,,,,,,,,www.murphychemicals.co.ke/product_info.php?products_id=47
31052000,,,34641,Complex fertilizers,NPK 24 18 18,NPK complex >10kg,,,,,24,18,18,,,,,,,,,,,,,,,,,,,,,,,X,,,,,,,,,,,,,,,,,,,,,,
31055100,,,34644,Complex fertilizers,NP 25 5 0 + 5S (MOP BASED),Other nitrogen & phosphates compounds,,,,,25,5,0,5,,,,,,,,,,,,,,,,,,,,,,X,,,,,,,,,,,,,,,,,,,,Tea,,
31052000,,,34641,Complex fertilizers,NPK 25 5 5 +3.95S+ 2.6MgO,NPK complex >10kg,,,,,25,5,5,"3,95","2,6",,,,,,,,,,,,,,,,,,,,,X,,,,,,,,,,,,,,,,,,,,Tea,,
31052000,,,34641,Complex fertilizers,NPK 25 5 5,NPK complex >10kg,,,,,25,5,5,,,,,,,,,,,,,,,,,,,,,,,X,,,,,,,,,,X,,,,,X,,X,,,,,
31052000,,,34641,Complex fertilizers,NPK 25 5 5 + 3S,NPK complex >10kg,,,,,25,5,5,3,,,,,,,,,,,,,,,,,,,,,,,,,,,,,,,,X,,,,,X,,,,,,,
31052000,,,34641,Complex fertilizers,NPK 25 5 5 + 5S,NPK complex >10kg,,,,,25,5,5,5,,,,,,,,,,,,,X,,,,,,,,,X,,,,,,,,,,X,,,,,X,,X,,,Tea,,
31052000,,,34641,Complex fertilizers,NPK 25 5 5 + 5S + 3MgO,NPK complex >10kg,,,,,25,5,5,5,3,,,,,,,,,,,,,,,,,,,,,X,,,,,,,,,,,,,,,,,,,,,,
31052000,,,34641,Complex fertilizers,NPK 25 5 5 + 7S + 3MgO,NPK complex >10kg,,,,,25,5,5,7,3,,,,,,,,,,,,,,,,,,,,,X,,,,,,,,,,,,,,,,,,,,,,
31052000,,,34641,Complex fertilizers,NPK 25 5 5 + 3MgO (SOP BASED),NPK complex >10kg,,,,,25,5,5,0,3,,,,,,,,,,,,,,,,,,,,,X,,,,,,,,,,,,,,,,,,,,,,
31052000,,,34641,Complex fertilizers,NPK 25 5 10,NPK complex >10kg,,,,,25,5,10,,,,,,,,,,,,,,,,,,,,,,,X,,,,,,,,,,,,,,,,,,,,,,
31052000,,,34641,Complex fertilizers,NPK 25 13 5 + 5MgO + TE,NPK complex >10kg,,,,,25,13,5,0,5,,,,,,,,TE,,,,,,,,,,,,,X,,,,,,,,,,,,,,,,,,,,,,
31057000,,,,Complex fertilizers,NK 26 0 20 + S + MgO + CaO + TE,NK compounds other than Potassium nitrate,,,,,26,0,20,,,,,,,,,,TE,,,,,,,,,,,,,X,,,,,,,,,,,,,,,,,,,,,,
31052000,,,34641,Complex fertilizers,NPK 26 5 5 ,NPK complex >10kg,,,,,26,5,5,,,,,,,,,,,,,,,,,,,,,,,X,,,,,,,,,,,,,,,,,,,,Tea,,
31052000,,,34641,Complex fertilizers,NPK 26 12 12 + 2MgO,NPK complex >10kg,,,,,26,12,12,0,2,,,,,,,,,,,,,,,,,,,,,X,,,,,,,,,,,,,,,,,,,,,,
31052000,,,34641,Complex fertilizers,NPK 27 5 11 + 2MgO,NPK complex >10kg,,,,,27,5,11,0,2,,,,,,,,,,,,,,,,,,,,,X,,,,,,,,,,,,,,,,,,,,,,
31052000,,,34641,Complex fertilizers,NPK 27 6 6 + 2S,NPK complex >10kg,,,,,27,6,6,2,,,,,,,,,,,,,,,,,,,,,,X,,,,,,,,,,,,,,,,,,,,,,
31052000,,,34641,Complex fertilizers,NPK 27 13 13,NPK complex >10kg,,,,,27,13,13,,,,,,,,,,,,,,,,,,,,,,,,,,,,,,,X,,,,,,,,,,,,"Maize, Rice",300KG/ha for Maize and Rice,
31052000,,,34641,Complex fertilizers,NPK 27 15 12 + 1MgO + TE,NPK complex >10kg,,,,,27,15,12,0,1,,,,,,,,TE,,,,,,,,,,,,,X,,,,,,,,,,,,,,,,,,,,,,
31055100,,,34644,Complex fertilizers,NP 27 14 0 + 6MgO + TE,Other nitrogen & phosphates compounds,,,,,27,14,0,0,6,,,,,,,,TE,,,,,,,,,,,,,X,,,,,,,,,,,,,,,,,,,,,,
31052000,,,34641,Complex fertilizers,NPK 27 24 15,NPK complex >10kg,,,,,27,24,15,,,,,,,,,,,,,,,,,,,,,,,X,,,,,,,,,,,,,,,,,,,,,,
31057000,,,,Complex fertilizers,NK 28 0 24,NK compounds other than Potassium nitrate,,,,,28,0,24,,,,,,,,,,,,,,,,,,,,,,,X,,,,,,,,,,,,,,,,,,,,,,
31052000,,,34641,Complex fertilizers,NPK 28 10 10 + 10S + TE,NPK complex >10kg,,,,,28,10,10,10,,,,,,,,,TE,,,,,,,,,X,,,,,,,,,,,,,,,,,,,,,,,,,,
31052000,,,34641,Complex fertilizers,NPK 28 14 14 + TE,NPK complex >10kg,,,,,28,14,14,,,,,,,,,,TE,,,,,,,,,,,,,X,,,,,,,,,,,,,,,,,,,,,,
31055100,,,34644,Complex fertilizers,NP 28 28 0,Other nitrogen & phosphates compounds,,,,,28,28,0,,,,,,,,,,,,,,,,,,,,,,,X,,,,,,,,,,,,,,,,,,,,"Flowers, Potato, Pea, Pinapple",,
31052000,,,34641,Complex fertilizers,NPK29 10 10 + 3MgO + TE,NPK complex >10kg,,,,,29,10,10,0,3,,,,,,,,TE,,,,,,,,,,,,,X,,,,,,,,,,,,,,,,,,,,,,
31052000,,,34641,Complex fertilizers,NPK29 20 20 + 3MgO,NPK complex >10kg,,,,,29,20,20,0,3,,,,,,,,,,,,,,,,,,,,,X,,,,,,,,,,,,,,,,,,,,,,
31052000,,,34641,Complex fertilizers,NPK 30 10 10,NPK complex >10kg,,,,,30,10,10,,,,,,,,,,,,,,,,,,,X,,,,X,,,,,,,,,,,,,,,,,,,,,,
31052000,,,34641,Complex fertilizers,NPK 30 11 11 + TE,NPK complex >10kg,,,,,30,11,11,,,,,,,,,,TE,,,,,,,,,,,,,X,,,,,,,,,,,,,,,,,,,,,,
31052000,,,34641,Complex fertilizers,NPK 31 8 8 ,NPK complex >10kg,,,,,31,8,8,,,,,,,,,,,,,,,,,,,,,,,X,,,,,,,,,,,,,,,,,,,,,,
31052000,,,34641,Complex fertilizers,NPK 35 5 7 + 2MgO,NPK complex >10kg,,FLEXIL N FERTILIZER,,S,35,5,7,0,2,,,,,,,,,,,,,,,,,,,,,X,,,,,,,,,,,,,,,,,,,,,,"www.google.com.gh/url?sa=t&rct=j&q=&esrc=s&source=web&cd=3&ved=0CCsQFjAC&url=http%3A%2F%2Fwww.puccioniusa.com%2Ftechsheets%2Ftech_flexil_n.pdf&ei=YiOXU4m-OMGION2WgOgI&usg=AFQjCNEOT8jp5VBlQ9lmFPLLogWoAbroOA&sig2=6V_k4O4tLmT85p29d6kgiQ&bvm=bv.68445247,d.ZWU&cad=rja"
31052000,,,34641,Complex fertilizers,NPK 39 5 5 ,NPK complex >10kg,,,,,39,5,5,,,,,,,,,,,,,,,,,,,,,,,X,,,,,,,,,,,,,,,,,,,,,,
31052000,,,34641,Complex fertilizers,NPK 30 10 10 + 1MgO + TE,NPK complex >10kg,,,,,30,10,10,0,1,,,,,,,,TE,,,,,,,,,,,,,X,,,,,,,,,,,,,,,,,,,,,,
,,,,,,,,,,,,,,,,,,,,,,,,,,,,,,,,,,,,,,,,,,,,,,,,,,,,,,,,,,
,,,,,,,,,,,,,,,,,,,,,,,,,,,,,,,,,,,,,,,,,,,,,,,,,,,,,,,,,,
,,,,,,,,,,,,,,,,,,,,,,,,,,,,,,,,,,,,,,,,,,,,,,,,,,,,,,,,,,
,,,,,,,,,,,,,,,,,,,,,,,,,,,,,,,,,,,,,,,,,,,,,,,,,,,,,,,,,,
,,,,,,,,,,,,,,,,,,,,,,,,,,,,,,,,,,,,,,,,,,,,,,,,,,,,,,,,,,
,,,,,,,,,,,,,,,,,,,,,,,,,,,,,,,,,,,,,,,,,,,,,,,,,,,,,,,,,,
,,,,,,,,,,,,,,,,,,,,,,,,,,,,,,,,,,,,,,,,,,,,,,,,,,,,,,,,,,
,,,,,,,,,,,,,,,,,,,,,,,,,,,,,,,,,,,,,,,,,,,,,,,,,,,,,,,,,,
,,,,,,,,,,,,,,,,,,,,,,,,,,,,,,,,,,,,,,,,,,,,,,,,,,,,,,,,,,
,,,,,,,,,,,,,,,,,,,,,,,,,,,,,,,,,,,,,,,,,,,,,,,,,,,,,,,,,,
,,,,,,,,,,,,,,,,,,,,,,,,,,,,,,,,,,,,,,,,,,,,,,,,,,,,,,,,,,
,,,,,,,,,,,,,,,,,,,,,,,,,,,,,,,,,,,,,,,,,,,,,,,,,,,,,,,,,,
,,,,,,,,,,,,,,,,,,,,,,,,,,,,,,,,,,,,,,,,,,,,,,,,,,,,,,,,,,
,,,,,,,,,,,,,,,,,,,,,,,,,,,,,,,,,,,,,,,,,,,,,,,,,,,,,,,,,,
,,,,,,,,,,,,,,,,,,,,,,,,,,,,,,,,,,,,,,,,,,,,,,,,,,,,,,,,,,
,,,,,,,,,,,,,,,,,,,,,,,,,,,,,,,,,,,,,,,,,,,,,,,,,,,,,,,,,,
,,,,,,,,,,,,,,,,,,,,,,,,,,,,,,,,,,,,,,,,,,,,,,,,,,,,,,,,,,
,,,,,,,,,,,,,,,,,,,,,,,,,,,,,,,,,,,,,,,,,,,,,,,,,,,,,,,,,,
,,,,,,,,,,,,,,,,,,,,,,,,,,,,,,,,,,,,,,,,,,,,,,,,,,,,,,,,,,
,,,,,,,,,,,,,,,,,,,,,,,,,,,,,,,,,,,,,,,,,,,,,,,,,,,,,,,,,,
,,,,,,,,,,,,,,,,,,,,,,,,,,,,,,,,,,,,,,,,,,,,,,,,,,,,,,,,,,
,,,,,,,,,,,,,,,,,,,,,,,,,,,,,,,,,,,,,,,,,,,,,,,,,,,,,,,,,,
,,,,,,,,,,,,,,,,,,,,,,,,,,,,,,,,,,,,,,,,,,,,,,,,,,,,,,,,,,
,,,,,,,,,,,,,,,,,,,,,,,,,,,,,,,,,,,,,,,,,,,,,,,,,,,,,,,,,,
,,,,,,,,,,,,,,,,,,,,,,,,,,,,,,,,,,,,,,,,,,,,,,,,,,,,,,,,,,
,,,,,,,,,,,,,,,,,,,,,,,,,,,,,,,,,,,,,,,,,,,,,,,,,,,,,,,,,,
,,,,,,,,,,,,,,,,,,,,,,,,,,,,,,,,,,,,,,,,,,,,,,,,,,,,,,,,,,
,,,,,,,,,,,,,,,,,,,,,,,,,,,,,,,,,,,,,,,,,,,,,,,,,,,,,,,,,,
,,,,,,,,,,,,,,,,,,,,,,,,,,,,,,,,,,,,,,,,,,,,,,,,,,,,,,,,,,
,,,,,,,,,,,,,,,,,,,,,,,,,,,,,,,,,,,,,,,,,,,,,,,,,,,,,,,,,,
,,,,,,,,,,,,,,,,,,,,,,,,,,,,,,,,,,,,,,,,,,,,,,,,,,,,,,,,,,
,,,,,,,,,,,,,,,,,,,,,,,,,,,,,,,,,,,,,,,,,,,,,,,,,,,,,,,,,,
,,,,,,,,,,,,,,,,,,,,,,,,,,,,,,,,,,,,,,,,,,,,,,,,,,,,,,,,,,
,,,,,,,,,,,,,,,,,,,,,,,,,,,,,,,,,,,,,,,,,,,,,,,,,,,,,,,,,,
,,,,,,,,,,,,,,,,,,,,,,,,,,,,,,,,,,,,,,,,,,,,,,,,,,,,,,,,,,
,,,,,,,,,,,,,,,,,,,,,,,,,,,,,,,,,,,,,,,,,,,,,,,,,,,,,,,,,,
,,,,,,,,,,,,,,,,,,,,,,,,,,,,,,,,,,,,,,,,,,,,,,,,,,,,,,,,,,
,,,,,,,,,,,,,,,,,,,,,,,,,,,,,,,,,,,,,,,,,,,,,,,,,,,,,,,,,,
,,,,,,,,,,,,,,,,,,,,,,,,,,,,,,,,,,,,,,,,,,,,,,,,,,,,,,,,,,
,,,,,,,,,,,,,,,,,,,,,,,,,,,,,,,,,,,,,,,,,,,,,,,,,,,,,,,,,,
,,,,,,,,,,,,,,,,,,,,,,,,,,,,,,,,,,,,,,,,,,,,,,,,,,,,,,,,,,
,,,,,,,,,,,,,,,,,,,,,,,,,,,,,,,,,,,,,,,,,,,,,,,,,,,,,,,,,,
,,,,,,,,,,,,,,,,,,,,,,,,,,,,,,,,,,,,,,,,,,,,,,,,,,,,,,,,,,
,,,,,,,,,,,,,,,,,,,,,,,,,,,,,,,,,,,,,,,,,,,,,,,,,,,,,,,,,,
,,,,,,,,,,,,,,,,,,,,,,,,,,,,,,,,,,,,,,,,,,,,,,,,,,,,,,,,,,
,,,,,,,,,,,,,,,,,,,,,,,,,,,,,,,,,,,,,,,,,,,,,,,,,,,,,,,,,,
,,,,,,,,,,,,,,,,,,,,,,,,,,,,,,,,,,,,,,,,,,,,,,,,,,,,,,,,,,
,,,,,,,,,,,,,,,,,,,,,,,,,,,,,,,,,,,,,,,,,,,,,,,,,,,,,,,,,,
,,,,,,,,,,,,,,,,,,,,,,,,,,,,,,,,,,,,,,,,,,,,,,,,,,,,,,,,,,
,,,,,,,,,,,,,,,,,,,,,,,,,,,,,,,,,,,,,,,,,,,,,,,,,,,,,,,,,,
,,,,,,,,,,,,,,,,,,,,,,,,,,,,,,,,,,,,,,,,,,,,,,,,,,,,,,,,,,
,,,,,,,,,,,,,,,,,,,,,,,,,,,,,,,,,,,,,,,,,,,,,,,,,,,,,,,,,,
,,,,,,,,,,,,,,,,,,,,,,,,,,,,,,,,,,,,,,,,,,,,,,,,,,,,,,,,,,
,,,,,,,,,,,,,,,,,,,,,,,,,,,,,,,,,,,,,,,,,,,,,,,,,,,,,,,,,,
,,,,,,,,,,,,,,,,,,,,,,,,,,,,,,,,,,,,,,,,,,,,,,,,,,,,,,,,,,
,,,,,,,,,,,,,,,,,,,,,,,,,,,,,,,,,,,,,,,,,,,,,,,,,,,,,,,,,,
,,,,,,,,,,,,,,,,,,,,,,,,,,,,,,,,,,,,,,,,,,,,,,,,,,,,,,,,,,
,,,,,,,,,,,,,,,,,,,,,,,,,,,,,,,,,,,,,,,,,,,,,,,,,,,,,,,,,,
,,,,,,,,,,,,,,,,,,,,,,,,,,,,,,,,,,,,,,,,,,,,,,,,,,,,,,,,,,
,,,,,,,,,,,,,,,,,,,,,,,,,,,,,,,,,,,,,,,,,,,,,,,,,,,,,,,,,,
,,,,,,,,,,,,,,,,,,,,,,,,,,,,,,,,,,,,,,,,,,,,,,,,,,,,,,,,,,
,,,,,,,,,,,,,,,,,,,,,,,,,,,,,,,,,,,,,,,,,,,,,,,,,,,,,,,,,,
,,,,,,,,,,,,,,,,,,,,,,,,,,,,,,,,,,,,,,,,,,,,,,,,,,,,,,,,,,
,,,,,,,,,,,,,,,,,,,,,,,,,,,,,,,,,,,,,,,,,,,,,,,,,,,,,,,,,,
,,,,,,,,,,,,,,,,,,,,,,,,,,,,,,,,,,,,,,,,,,,,,,,,,,,,,,,,,,
,,,,,,,,,,,,,,,,,,,,,,,,,,,,,,,,,,,,,,,,,,,,,,,,,,,,,,,,,,
,,,,,,,,,,,,,,,,,,,,,,,,,,,,,,,,,,,,,,,,,,,,,,,,,,,,,,,,,,
,,,,,,,,,,,,,,,,,,,,,,,,,,,,,,,,,,,,,,,,,,,,,,,,,,,,,,,,,,
,,,,,,,,,,,,,,,,,,,,,,,,,,,,,,,,,,,,,,,,,,,,,,,,,,,,,,,,,,
,,,,,,,,,,,,,,,,,,,,,,,,,,,,,,,,,,,,,,,,,,,,,,,,,,,,,,,,,,
,,,,,,,,,,,,,,,,,,,,,,,,,,,,,,,,,,,,,,,,,,,,,,,,,,,,,,,,,,
,,,,,,,,,,,,,,,,,,,,,,,,,,,,,,,,,,,,,,,,,,,,,,,,,,,,,,,,,,
,,,,,,,,,,,,,,,,,,,,,,,,,,,,,,,,,,,,,,,,,,,,,,,,,,,,,,,,,,
,,,,,,,,,,,,,,,,,,,,,,,,,,,,,,,,,,,,,,,,,,,,,,,,,,,,,,,,,,
,,,,,,,,,,,,,,,,,,,,,,,,,,,,,,,,,,,,,,,,,,,,,,,,,,,,,,,,,,
,,,,,,,,,,,,,,,,,,,,,,,,,,,,,,,,,,,,,,,,,,,,,,,,,,,,,,,,,,
,,,,,,,,,,,,,,,,,,,,,,,,,,,,,,,,,,,,,,,,,,,,,,,,,,,,,,,,,,
,,,,,,,,,,,,,,,,,,,,,,,,,,,,,,,,,,,,,,,,,,,,,,,,,,,,,,,,,,
,,,,,,,,,,,,,,,,,,,,,,,,,,,,,,,,,,,,,,,,,,,,,,,,,,,,,,,,,,
,,,,,,,,,,,,,,,,,,,,,,,,,,,,,,,,,,,,,,,,,,,,,,,,,,,,,,,,,,
,,,,,,,,,,,,,,,,,,,,,,,,,,,,,,,,,,,,,,,,,,,,,,,,,,,,,,,,,,
,,,,,,,,,,,,,,,,,,,,,,,,,,,,,,,,,,,,,,,,,,,,,,,,,,,,,,,,,,
,,,,,,,,,,,,,,,,,,,,,,,,,,,,,,,,,,,,,,,,,,,,,,,,,,,,,,,,,,
,,,,,,,,,,,,,,,,,,,,,,,,,,,,,,,,,,,,,,,,,,,,,,,,,,,,,,,,,,
,,,,,,,,,,,,,,,,,,,,,,,,,,,,,,,,,,,,,,,,,,,,,,,,,,,,,,,,,,
,,,,,,,,,,,,,,,,,,,,,,,,,,,,,,,,,,,,,,,,,,,,,,,,,,,,,,,,,,
,,,,,,,,,,,,,,,,,,,,,,,,,,,,,,,,,,,,,,,,,,,,,,,,,,,,,,,,,,
,,,,,,,,,,,,,,,,,,,,,,,,,,,,,,,,,,,,,,,,,,,,,,,,,,,,,,,,,,
,,,,,,,,,,,,,,,,,,,,,,,,,,,,,,,,,,,,,,,,,,,,,,,,,,,,,,,,,,
,,,,,,,,,,,,,,,,,,,,,,,,,,,,,,,,,,,,,,,,,,,,,,,,,,,,,,,,,,
,,,,,,,,,,,,,,,,,,,,,,,,,,,,,,,,,,,,,,,,,,,,,,,,,,,,,,,,,,
,,,,,,,,,,,,,,,,,,,,,,,,,,,,,,,,,,,,,,,,,,,,,,,,,,,,,,,,,,
,,,,,,,,,,,,,,,,,,,,,,,,,,,,,,,,,,,,,,,,,,,,,,,,,,,,,,,,,,
,,,,,,,,,,,,,,,,,,,,,,,,,,,,,,,,,,,,,,,,,,,,,,,,,,,,,,,,,,
,,,,,,,,,,,,,,,,,,,,,,,,,,,,,,,,,,,,,,,,,,,,,,,,,,,,,,,,,,
,,,,,,,,,,,,,,,,,,,,,,,,,,,,,,,,,,,,,,,,,,,,,,,,,,,,,,,,,,
,,,,,,,,,,,,,,,,,,,,,,,,,,,,,,,,,,,,,,,,,,,,,,,,,,,,,,,,,,
,,,,,,,,,,,,,,,,,,,,,,,,,,,,,,,,,,,,,,,,,,,,,,,,,,,,,,,,,,
,,,,,,,,,,,,,,,,,,,,,,,,,,,,,,,,,,,,,,,,,,,,,,,,,,,,,,,,,,
,,,,,,,,,,,,,,,,,,,,,,,,,,,,,,,,,,,,,,,,,,,,,,,,,,,,,,,,,,
,,,,,,,,,,,,,,,,,,,,,,,,,,,,,,,,,,,,,,,,,,,,,,,,,,,,,,,,,,
,,,,,,,,,,,,,,,,,,,,,,,,,,,,,,,,,,,,,,,,,,,,,,,,,,,,,,,,,,
,,,,,,,,,,,,,,,,,,,,,,,,,,,,,,,,,,,,,,,,,,,,,,,,,,,,,,,,,,
,,,,,,,,,,,,,,,,,,,,,,,,,,,,,,,,,,,,,,,,,,,,,,,,,,,,,,,,,,
,,,,,,,,,,,,,,,,,,,,,,,,,,,,,,,,,,,,,,,,,,,,,,,,,,,,,,,,,,
,,,,,,,,,,,,,,,,,,,,,,,,,,,,,,,,,,,,,,,,,,,,,,,,,,,,,,,,,,
,,,,,,,,,,,,,,,,,,,,,,,,,,,,,,,,,,,,,,,,,,,,,,,,,,,,,,,,,,
,,,,,,,,,,,,,,,,,,,,,,,,,,,,,,,,,,,,,,,,,,,,,,,,,,,,,,,,,,
,,,,,,,,,,,,,,,,,,,,,,,,,,,,,,,,,,,,,,,,,,,,,,,,,,,,,,,,,,
,,,,,,,,,,,,,,,,,,,,,,,,,,,,,,,,,,,,,,,,,,,,,,,,,,,,,,,,,,
,,,,,,,,,,,,,,,,,,,,,,,,,,,,,,,,,,,,,,,,,,,,,,,,,,,,,,,,,,
,,,,,,,,,,,,,,,,,,,,,,,,,,,,,,,,,,,,,,,,,,,,,,,,,,,,,,,,,,
,,,,,,,,,,,,,,,,,,,,,,,,,,,,,,,,,,,,,,,,,,,,,,,,,,,,,,,,,,
,,,,,,,,,,,,,,,,,,,,,,,,,,,,,,,,,,,,,,,,,,,,,,,,,,,,,,,,,,
,,,,,,,,,,,,,,,,,,,,,,,,,,,,,,,,,,,,,,,,,,,,,,,,,,,,,,,,,,
,,,,,,,,,,,,,,,,,,,,,,,,,,,,,,,,,,,,,,,,,,,,,,,,,,,,,,,,,,
,,,,,,,,,,,,,,,,,,,,,,,,,,,,,,,,,,,,,,,,,,,,,,,,,,,,,,,,,,
,,,,,,,,,,,,,,,,,,,,,,,,,,,,,,,,,,,,,,,,,,,,,,,,,,,,,,,,,,
,,,,,,,,,,,,,,,,,,,,,,,,,,,,,,,,,,,,,,,,,,,,,,,,,,,,,,,,,,
,,,,,,,,,,,,,,,,,,,,,,,,,,,,,,,,,,,,,,,,,,,,,,,,,,,,,,,,,,
,,,,,,,,,,,,,,,,,,,,,,,,,,,,,,,,,,,,,,,,,,,,,,,,,,,,,,,,,,
,,,,,,,,,,,,,,,,,,,,,,,,,,,,,,,,,,,,,,,,,,,,,,,,,,,,,,,,,,
,,,,,,,,,,,,,,,,,,,,,,,,,,,,,,,,,,,,,,,,,,,,,,,,,,,,,,,,,,
,,,,,,,,,,,,,,,,,,,,,,,,,,,,,,,,,,,,,,,,,,,,,,,,,,,,,,,,,,
,,,,,,,,,,,,,,,,,,,,,,,,,,,,,,,,,,,,,,,,,,,,,,,,,,,,,,,,,,
,,,,,,,,,,,,,,,,,,,,,,,,,,,,,,,,,,,,,,,,,,,,,,,,,,,,,,,,,,
,,,,,,,,,,,,,,,,,,,,,,,,,,,,,,,,,,,,,,,,,,,,,,,,,,,,,,,,,,
,,,,,,,,,,,,,,,,,,,,,,,,,,,,,,,,,,,,,,,,,,,,,,,,,,,,,,,,,,
,,,,,,,,,,,,,,,,,,,,,,,,,,,,,,,,,,,,,,,,,,,,,,,,,,,,,,,,,,
,,,,,,,,,,,,,,,,,,,,,,,,,,,,,,,,,,,,,,,,,,,,,,,,,,,,,,,,,,
,,,,,,,,,,,,,,,,,,,,,,,,,,,,,,,,,,,,,,,,,,,,,,,,,,,,,,,,,,
,,,,,,,,,,,,,,,,,,,,,,,,,,,,,,,,,,,,,,,,,,,,,,,,,,,,,,,,,,
,,,,,,,,,,,,,,,,,,,,,,,,,,,,,,,,,,,,,,,,,,,,,,,,,,,,,,,,,,
,,,,,,,,,,,,,,,,,,,,,,,,,,,,,,,,,,,,,,,,,,,,,,,,,,,,,,,,,,
,,,,,,,,,,,,,,,,,,,,,,,,,,,,,,,,,,,,,,,,,,,,,,,,,,,,,,,,,,
,,,,,,,,,,,,,,,,,,,,,,,,,,,,,,,,,,,,,,,,,,,,,,,,,,,,,,,,,,
,,,,,,,,,,,,,,,,,,,,,,,,,,,,,,,,,,,,,,,,,,,,,,,,,,,,,,,,,,
,,,,,,,,,,,,,,,,,,,,,,,,,,,,,,,,,,,,,,,,,,,,,,,,,,,,,,,,,,
,,,,,,,,,,,,,,,,,,,,,,,,,,,,,,,,,,,,,,,,,,,,,,,,,,,,,,,,,,
,,,,,,,,,,,,,,,,,,,,,,,,,,,,,,,,,,,,,,,,,,,,,,,,,,,,,,,,,,
,,,,,,,,,,,,,,,,,,,,,,,,,,,,,,,,,,,,,,,,,,,,,,,,,,,,,,,,,,
,,,,,,,,,,,,,,,,,,,,,,,,,,,,,,,,,,,,,,,,,,,,,,,,,,,,,,,,,,
,,,,,,,,,,,,,,,,,,,,,,,,,,,,,,,,,,,,,,,,,,,,,,,,,,,,,,,,,,
,,,,,,,,,,,,,,,,,,,,,,,,,,,,,,,,,,,,,,,,,,,,,,,,,,,,,,,,,,
,,,,,,,,,,,,,,,,,,,,,,,,,,,,,,,,,,,,,,,,,,,,,,,,,,,,,,,,,,
,,,,,,,,,,,,,,,,,,,,,,,,,,,,,,,,,,,,,,,,,,,,,,,,,,,,,,,,,,
,,,,,,,,,,,,,,,,,,,,,,,,,,,,,,,,,,,,,,,,,,,,,,,,,,,,,,,,,,
,,,,,,,,,,,,,,,,,,,,,,,,,,,,,,,,,,,,,,,,,,,,,,,,,,,,,,,,,,
,,,,,,,,,,,,,,,,,,,,,,,,,,,,,,,,,,,,,,,,,,,,,,,,,,,,,,,,,,
,,,,,,,,,,,,,,,,,,,,,,,,,,,,,,,,,,,,,,,,,,,,,,,,,,,,,,,,,,
,,,,,,,,,,,,,,,,,,,,,,,,,,,,,,,,,,,,,,,,,,,,,,,,,,,,,,,,,,
,,,,,,,,,,,,,,,,,,,,,,,,,,,,,,,,,,,,,,,,,,,,,,,,,,,,,,,,,,
,,,,,,,,,,,,,,,,,,,,,,,,,,,,,,,,,,,,,,,,,,,,,,,,,,,,,,,,,,
,,,,,,,,,,,,,,,,,,,,,,,,,,,,,,,,,,,,,,,,,,,,,,,,,,,,,,,,,,
,,,,,,,,,,,,,,,,,,,,,,,,,,,,,,,,,,,,,,,,,,,,,,,,,,,,,,,,,,
,,,,,,,,,,,,,,,,,,,,,,,,,,,,,,,,,,,,,,,,,,,,,,,,,,,,,,,,,,
,,,,,,,,,,,,,,,,,,,,,,,,,,,,,,,,,,,,,,,,,,,,,,,,,,,,,,,,,,
,,,,,,,,,,,,,,,,,,,,,,,,,,,,,,,,,,,,,,,,,,,,,,,,,,,,,,,,,,
,,,,,,,,,,,,,,,,,,,,,,,,,,,,,,,,,,,,,,,,,,,,,,,,,,,,,,,,,,
,,,,,,,,,,,,,,,,,,,,,,,,,,,,,,,,,,,,,,,,,,,,,,,,,,,,,,,,,,
,,,,,,,,,,,,,,,,,,,,,,,,,,,,,,,,,,,,,,,,,,,,,,,,,,,,,,,,,,
,,,,,,,,,,,,,,,,,,,,,,,,,,,,,,,,,,,,,,,,,,,,,,,,,,,,,,,,,,
,,,,,,,,,,,,,,,,,,,,,,,,,,,,,,,,,,,,,,,,,,,,,,,,,,,,,,,,,,
,,,,,,,,,,,,,,,,,,,,,,,,,,,,,,,,,,,,,,,,,,,,,,,,,,,,,,,,,,
,,,,,,,,,,,,,,,,,,,,,,,,,,,,,,,,,,,,,,,,,,,,,,,,,,,,,,,,,,
,,,,,,,,,,,,,,,,,,,,,,,,,,,,,,,,,,,,,,,,,,,,,,,,,,,,,,,,,,
,,,,,,,,,,,,,,,,,,,,,,,,,,,,,,,,,,,,,,,,,,,,,,,,,,,,,,,,,,
,,,,,,,,,,,,,,,,,,,,,,,,,,,,,,,,,,,,,,,,,,,,,,,,,,,,,,,,,,
,,,,,,,,,,,,,,,,,,,,,,,,,,,,,,,,,,,,,,,,,,,,,,,,,,,,,,,,,,
,,,,,,,,,,,,,,,,,,,,,,,,,,,,,,,,,,,,,,,,,,,,,,,,,,,,,,,,,,
,,,,,,,,,,,,,,,,,,,,,,,,,,,,,,,,,,,,,,,,,,,,,,,,,,,,,,,,,,
,,,,,,,,,,,,,,,,,,,,,,,,,,,,,,,,,,,,,,,,,,,,,,,,,,,,,,,,,,
,,,,,,,,,,,,,,,,,,,,,,,,,,,,,,,,,,,,,,,,,,,,,,,,,,,,,,,,,,
,,,,,,,,,,,,,,,,,,,,,,,,,,,,,,,,,,,,,,,,,,,,,,,,,,,,,,,,,,
,,,,,,,,,,,,,,,,,,,,,,,,,,,,,,,,,,,,,,,,,,,,,,,,,,,,,,,,,,
,,,,,,,,,,,,,,,,,,,,,,,,,,,,,,,,,,,,,,,,,,,,,,,,,,,,,,,,,,
,,,,,,,,,,,,,,,,,,,,,,,,,,,,,,,,,,,,,,,,,,,,,,,,,,,,,,,,,,
,,,,,,,,,,,,,,,,,,,,,,,,,,,,,,,,,,,,,,,,,,,,,,,,,,,,,,,,,,
,,,,,,,,,,,,,,,,,,,,,,,,,,,,,,,,,,,,,,,,,,,,,,,,,,,,,,,,,,
,,,,,,,,,,,,,,,,,,,,,,,,,,,,,,,,,,,,,,,,,,,,,,,,,,,,,,,,,,
,,,,,,,,,,,,,,,,,,,,,,,,,,,,,,,,,,,,,,,,,,,,,,,,,,,,,,,,,,
,,,,,,,,,,,,,,,,,,,,,,,,,,,,,,,,,,,,,,,,,,,,,,,,,,,,,,,,,,
,,,,,,,,,,,,,,,,,,,,,,,,,,,,,,,,,,,,,,,,,,,,,,,,,,,,,,,,,,
,,,,,,,,,,,,,,,,,,,,,,,,,,,,,,,,,,,,,,,,,,,,,,,,,,,,,,,,,,
,,,,,,,,,,,,,,,,,,,,,,,,,,,,,,,,,,,,,,,,,,,,,,,,,,,,,,,,,,
,,,,,,,,,,,,,,,,,,,,,,,,,,,,,,,,,,,,,,,,,,,,,,,,,,,,,,,,,,
,,,,,,,,,,,,,,,,,,,,,,,,,,,,,,,,,,,,,,,,,,,,,,,,,,,,,,,,,,
,,,,,,,,,,,,,,,,,,,,,,,,,,,,,,,,,,,,,,,,,,,,,,,,,,,,,,,,,,
,,,,,,,,,,,,,,,,,,,,,,,,,,,,,,,,,,,,,,,,,,,,,,,,,,,,,,,,,,
,,,,,,,,,,,,,,,,,,,,,,,,,,,,,,,,,,,,,,,,,,,,,,,,,,,,,,,,,,
,,,,,,,,,,,,,,,,,,,,,,,,,,,,,,,,,,,,,,,,,,,,,,,,,,,,,,,,,,
,,,,,,,,,,,,,,,,,,,,,,,,,,,,,,,,,,,,,,,,,,,,,,,,,,,,,,,,,,
,,,,,,,,,,,,,,,,,,,,,,,,,,,,,,,,,,,,,,,,,,,,,,,,,,,,,,,,,,
,,,,,,,,,,,,,,,,,,,,,,,,,,,,,,,,,,,,,,,,,,,,,,,,,,,,,,,,,,
,,,,,,,,,,,,,,,,,,,,,,,,,,,,,,,,,,,,,,,,,,,,,,,,,,,,,,,,,,
,,,,,,,,,,,,,,,,,,,,,,,,,,,,,,,,,,,,,,,,,,,,,,,,,,,,,,,,,,
,,,,,,,,,,,,,,,,,,,,,,,,,,,,,,,,,,,,,,,,,,,,,,,,,,,,,,,,,,
,,,,,,,,,,,,,,,,,,,,,,,,,,,,,,,,,,,,,,,,,,,,,,,,,,,,,,,,,,
,,,,,,,,,,,,,,,,,,,,,,,,,,,,,,,,,,,,,,,,,,,,,,,,,,,,,,,,,,
,,,,,,,,,,,,,,,,,,,,,,,,,,,,,,,,,,,,,,,,,,,,,,,,,,,,,,,,,,
,,,,,,,,,,,,,,,,,,,,,,,,,,,,,,,,,,,,,,,,,,,,,,,,,,,,,,,,,,
,,,,,,,,,,,,,,,,,,,,,,,,,,,,,,,,,,,,,,,,,,,,,,,,,,,,,,,,,,
,,,,,,,,,,,,,,,,,,,,,,,,,,,,,,,,,,,,,,,,,,,,,,,,,,,,,,,,,,
,,,,,,,,,,,,,,,,,,,,,,,,,,,,,,,,,,,,,,,,,,,,,,,,,,,,,,,,,,
,,,,,,,,,,,,,,,,,,,,,,,,,,,,,,,,,,,,,,,,,,,,,,,,,,,,,,,,,,
,,,,,,,,,,,,,,,,,,,,,,,,,,,,,,,,,,,,,,,,,,,,,,,,,,,,,,,,,,
,,,,,,,,,,,,,,,,,,,,,,,,,,,,,,,,,,,,,,,,,,,,,,,,,,,,,,,,,,
,,,,,,,,,,,,,,,,,,,,,,,,,,,,,,,,,,,,,,,,,,,,,,,,,,,,,,,,,,
,,,,,,,,,,,,,,,,,,,,,,,,,,,,,,,,,,,,,,,,,,,,,,,,,,,,,,,,,,
,,,,,,,,,,,,,,,,,,,,,,,,,,,,,,,,,,,,,,,,,,,,,,,,,,,,,,,,,,
,,,,,,,,,,,,,,,,,,,,,,,,,,,,,,,,,,,,,,,,,,,,,,,,,,,,,,,,,,
,,,,,,,,,,,,,,,,,,,,,,,,,,,,,,,,,,,,,,,,,,,,,,,,,,,,,,,,,,
,,,,,,,,,,,,,,,,,,,,,,,,,,,,,,,,,,,,,,,,,,,,,,,,,,,,,,,,,,
,,,,,,,,,,,,,,,,,,,,,,,,,,,,,,,,,,,,,,,,,,,,,,,,,,,,,,,,,,
,,,,,,,,,,,,,,,,,,,,,,,,,,,,,,,,,,,,,,,,,,,,,,,,,,,,,,,,,,
,,,,,,,,,,,,,,,,,,,,,,,,,,,,,,,,,,,,,,,,,,,,,,,,,,,,,,,,,,
,,,,,,,,,,,,,,,,,,,,,,,,,,,,,,,,,,,,,,,,,,,,,,,,,,,,,,,,,,
,,,,,,,,,,,,,,,,,,,,,,,,,,,,,,,,,,,,,,,,,,,,,,,,,,,,,,,,,,
,,,,,,,,,,,,,,,,,,,,,,,,,,,,,,,,,,,,,,,,,,,,,,,,,,,,,,,,,,
,,,,,,,,,,,,,,,,,,,,,,,,,,,,,,,,,,,,,,,,,,,,,,,,,,,,,,,,,,
,,,,,,,,,,,,,,,,,,,,,,,,,,,,,,,,,,,,,,,,,,,,,,,,,,,,,,,,,,
,,,,,,,,,,,,,,,,,,,,,,,,,,,,,,,,,,,,,,,,,,,,,,,,,,,,,,,,,,
,,,,,,,,,,,,,,,,,,,,,,,,,,,,,,,,,,,,,,,,,,,,,,,,,,,,,,,,,,
,,,,,,,,,,,,,,,,,,,,,,,,,,,,,,,,,,,,,,,,,,,,,,,,,,,,,,,,,,
,,,,,,,,,,,,,,,,,,,,,,,,,,,,,,,,,,,,,,,,,,,,,,,,,,,,,,,,,,
,,,,,,,,,,,,,,,,,,,,,,,,,,,,,,,,,,,,,,,,,,,,,,,,,,,,,,,,,,
,,,,,,,,,,,,,,,,,,,,,,,,,,,,,,,,,,,,,,,,,,,,,,,,,,,,,,,,,,
,,,,,,,,,,,,,,,,,,,,,,,,,,,,,,,,,,,,,,,,,,,,,,,,,,,,,,,,,,
,,,,,,,,,,,,,,,,,,,,,,,,,,,,,,,,,,,,,,,,,,,,,,,,,,,,,,,,,,
,,,,,,,,,,,,,,,,,,,,,,,,,,,,,,,,,,,,,,,,,,,,,,,,,,,,,,,,,,
,,,,,,,,,,,,,,,,,,,,,,,,,,,,,,,,,,,,,,,,,,,,,,,,,,,,,,,,,,
,,,,,,,,,,,,,,,,,,,,,,,,,,,,,,,,,,,,,,,,,,,,,,,,,,,,,,,,,,
,,,,,,,,,,,,,,,,,,,,,,,,,,,,,,,,,,,,,,,,,,,,,,,,,,,,,,,,,,
,,,,,,,,,,,,,,,,,,,,,,,,,,,,,,,,,,,,,,,,,,,,,,,,,,,,,,,,,,
,,,,,,,,,,,,,,,,,,,,,,,,,,,,,,,,,,,,,,,,,,,,,,,,,,,,,,,,,,
,,,,,,,,,,,,,,,,,,,,,,,,,,,,,,,,,,,,,,,,,,,,,,,,,,,,,,,,,,
,,,,,,,,,,,,,,,,,,,,,,,,,,,,,,,,,,,,,,,,,,,,,,,,,,,,,,,,,,
,,,,,,,,,,,,,,,,,,,,,,,,,,,,,,,,,,,,,,,,,,,,,,,,,,,,,,,,,,
,,,,,,,,,,,,,,,,,,,,,,,,,,,,,,,,,,,,,,,,,,,,,,,,,,,,,,,,,,
,,,,,,,,,,,,,,,,,,,,,,,,,,,,,,,,,,,,,,,,,,,,,,,,,,,,,,,,,,
,,,,,,,,,,,,,,,,,,,,,,,,,,,,,,,,,,,,,,,,,,,,,,,,,,,,,,,,,,
,,,,,,,,,,,,,,,,,,,,,,,,,,,,,,,,,,,,,,,,,,,,,,,,,,,,,,,,,,
,,,,,,,,,,,,,,,,,,,,,,,,,,,,,,,,,,,,,,,,,,,,,,,,,,,,,,,,,,
,,,,,,,,,,,,,,,,,,,,,,,,,,,,,,,,,,,,,,,,,,,,,,,,,,,,,,,,,,
,,,,,,,,,,,,,,,,,,,,,,,,,,,,,,,,,,,,,,,,,,,,,,,,,,,,,,,,,,
,,,,,,,,,,,,,,,,,,,,,,,,,,,,,,,,,,,,,,,,,,,,,,,,,,,,,,,,,,
,,,,,,,,,,,,,,,,,,,,,,,,,,,,,,,,,,,,,,,,,,,,,,,,,,,,,,,,,,
,,,,,,,,,,,,,,,,,,,,,,,,,,,,,,,,,,,,,,,,,,,,,,,,,,,,,,,,,,
,,,,,,,,,,,,,,,,,,,,,,,,,,,,,,,,,,,,,,,,,,,,,,,,,,,,,,,,,,
,,,,,,,,,,,,,,,,,,,,,,,,,,,,,,,,,,,,,,,,,,,,,,,,,,,,,,,,,,
,,,,,,,,,,,,,,,,,,,,,,,,,,,,,,,,,,,,,,,,,,,,,,,,,,,,,,,,,,
,,,,,,,,,,,,,,,,,,,,,,,,,,,,,,,,,,,,,,,,,,,,,,,,,,,,,,,,,,
,,,,,,,,,,,,,,,,,,,,,,,,,,,,,,,,,,,,,,,,,,,,,,,,,,,,,,,,,,
,,,,,,,,,,,,,,,,,,,,,,,,,,,,,,,,,,,,,,,,,,,,,,,,,,,,,,,,,,
,,,,,,,,,,,,,,,,,,,,,,,,,,,,,,,,,,,,,,,,,,,,,,,,,,,,,,,,,,
,,,,,,,,,,,,,,,,,,,,,,,,,,,,,,,,,,,,,,,,,,,,,,,,,,,,,,,,,,
,,,,,,,,,,,,,,,,,,,,,,,,,,,,,,,,,,,,,,,,,,,,,,,,,,,,,,,,,,
,,,,,,,,,,,,,,,,,,,,,,,,,,,,,,,,,,,,,,,,,,,,,,,,,,,,,,,,,,
,,,,,,,,,,,,,,,,,,,,,,,,,,,,,,,,,,,,,,,,,,,,,,,,,,,,,,,,,,
,,,,,,,,,,,,,,,,,,,,,,,,,,,,,,,,,,,,,,,,,,,,,,,,,,,,,,,,,,
,,,,,,,,,,,,,,,,,,,,,,,,,,,,,,,,,,,,,,,,,,,,,,,,,,,,,,,,,,
,,,,,,,,,,,,,,,,,,,,,,,,,,,,,,,,,,,,,,,,,,,,,,,,,,,,,,,,,,
,,,,,,,,,,,,,,,,,,,,,,,,,,,,,,,,,,,,,,,,,,,,,,,,,,,,,,,,,,
,,,,,,,,,,,,,,,,,,,,,,,,,,,,,,,,,,,,,,,,,,,,,,,,,,,,,,,,,,
,,,,,,,,,,,,,,,,,,,,,,,,,,,,,,,,,,,,,,,,,,,,,,,,,,,,,,,,,,
,,,,,,,,,,,,,,,,,,,,,,,,,,,,,,,,,,,,,,,,,,,,,,,,,,,,,,,,,,
,,,,,,,,,,,,,,,,,,,,,,,,,,,,,,,,,,,,,,,,,,,,,,,,,,,,,,,,,,
,,,,,,,,,,,,,,,,,,,,,,,,,,,,,,,,,,,,,,,,,,,,,,,,,,,,,,,,,,
,,,,,,,,,,,,,,,,,,,,,,,,,,,,,,,,,,,,,,,,,,,,,,,,,,,,,,,,,,
,,,,,,,,,,,,,,,,,,,,,,,,,,,,,,,,,,,,,,,,,,,,,,,,,,,,,,,,,,
,,,,,,,,,,,,,,,,,,,,,,,,,,,,,,,,,,,,,,,,,,,,,,,,,,,,,,,,,,
,,,,,,,,,,,,,,,,,,,,,,,,,,,,,,,,,,,,,,,,,,,,,,,,,,,,,,,,,,
,,,,,,,,,,,,,,,,,,,,,,,,,,,,,,,,,,,,,,,,,,,,,,,,,,,,,,,,,,
,,,,,,,,,,,,,,,,,,,,,,,,,,,,,,,,,,,,,,,,,,,,,,,,,,,,,,,,,,
,,,,,,,,,,,,,,,,,,,,,,,,,,,,,,,,,,,,,,,,,,,,,,,,,,,,,,,,,,
,,,,,,,,,,,,,,,,,,,,,,,,,,,,,,,,,,,,,,,,,,,,,,,,,,,,,,,,,,
,,,,,,,,,,,,,,,,,,,,,,,,,,,,,,,,,,,,,,,,,,,,,,,,,,,,,,,,,,
,,,,,,,,,,,,,,,,,,,,,,,,,,,,,,,,,,,,,,,,,,,,,,,,,,,,,,,,,,
,,,,,,,,,,,,,,,,,,,,,,,,,,,,,,,,,,,,,,,,,,,,,,,,,,,,,,,,,,
,,,,,,,,,,,,,,,,,,,,,,,,,,,,,,,,,,,,,,,,,,,,,,,,,,,,,,,,,,
,,,,,,,,,,,,,,,,,,,,,,,,,,,,,,,,,,,,,,,,,,,,,,,,,,,,,,,,,,
,,,,,,,,,,,,,,,,,,,,,,,,,,,,,,,,,,,,,,,,,,,,,,,,,,,,,,,,,,
,,,,,,,,,,,,,,,,,,,,,,,,,,,,,,,,,,,,,,,,,,,,,,,,,,,,,,,,,,
,,,,,,,,,,,,,,,,,,,,,,,,,,,,,,,,,,,,,,,,,,,,,,,,,,,,,,,,,,
,,,,,,,,,,,,,,,,,,,,,,,,,,,,,,,,,,,,,,,,,,,,,,,,,,,,,,,,,,
,,,,,,,,,,,,,,,,,,,,,,,,,,,,,,,,,,,,,,,,,,,,,,,,,,,,,,,,,,
,,,,,,,,,,,,,,,,,,,,,,,,,,,,,,,,,,,,,,,,,,,,,,,,,,,,,,,,,,
,,,,,,,,,,,,,,,,,,,,,,,,,,,,,,,,,,,,,,,,,,,,,,,,,,,,,,,,,,
,,,,,,,,,,,,,,,,,,,,,,,,,,,,,,,,,,,,,,,,,,,,,,,,,,,,,,,,,,
,,,,,,,,,,,,,,,,,,,,,,,,,,,,,,,,,,,,,,,,,,,,,,,,,,,,,,,,,,
,,,,,,,,,,,,,,,,,,,,,,,,,,,,,,,,,,,,,,,,,,,,,,,,,,,,,,,,,,
,,,,,,,,,,,,,,,,,,,,,,,,,,,,,,,,,,,,,,,,,,,,,,,,,,,,,,,,,,
,,,,,,,,,,,,,,,,,,,,,,,,,,,,,,,,,,,,,,,,,,,,,,,,,,,,,,,,,,
,,,,,,,,,,,,,,,,,,,,,,,,,,,,,,,,,,,,,,,,,,,,,,,,,,,,,,,,,,
,,,,,,,,,,,,,,,,,,,,,,,,,,,,,,,,,,,,,,,,,,,,,,,,,,,,,,,,,,
,,,,,,,,,,,,,,,,,,,,,,,,,,,,,,,,,,,,,,,,,,,,,,,,,,,,,,,,,,
,,,,,,,,,,,,,,,,,,,,,,,,,,,,,,,,,,,,,,,,,,,,,,,,,,,,,,,,,,
,,,,,,,,,,,,,,,,,,,,,,,,,,,,,,,,,,,,,,,,,,,,,,,,,,,,,,,,,,
,,,,,,,,,,,,,,,,,,,,,,,,,,,,,,,,,,,,,,,,,,,,,,,,,,,,,,,,,,
,,,,,,,,,,,,,,,,,,,,,,,,,,,,,,,,,,,,,,,,,,,,,,,,,,,,,,,,,,
,,,,,,,,,,,,,,,,,,,,,,,,,,,,,,,,,,,,,,,,,,,,,,,,,,,,,,,,,,
,,,,,,,,,,,,,,,,,,,,,,,,,,,,,,,,,,,,,,,,,,,,,,,,,,,,,,,,,,
,,,,,,,,,,,,,,,,,,,,,,,,,,,,,,,,,,,,,,,,,,,,,,,,,,,,,,,,,,
,,,,,,,,,,,,,,,,,,,,,,,,,,,,,,,,,,,,,,,,,,,,,,,,,,,,,,,,,,
,,,,,,,,,,,,,,,,,,,,,,,,,,,,,,,,,,,,,,,,,,,,,,,,,,,,,,,,,,
,,,,,,,,,,,,,,,,,,,,,,,,,,,,,,,,,,,,,,,,,,,,,,,,,,,,,,,,,,
,,,,,,,,,,,,,,,,,,,,,,,,,,,,,,,,,,,,,,,,,,,,,,,,,,,,,,,,,,
,,,,,,,,,,,,,,,,,,,,,,,,,,,,,,,,,,,,,,,,,,,,,,,,,,,,,,,,,,
,,,,,,,,,,,,26,,,,,,,,,,,,,,,,,,,,,,,,,,,,,,,,,,,,,,,,,,,,,,
,,,,,,,,,,,,,,,,,,,,,,,,,,,,,,,,,,,,,,,,,,,,,,,,,,,,,,,,,,
,,,,,,,,,,,,,,,,,,,,,,,,,,,,,,,,,,,,,,,,,,,,,,,,,,,,,,,,,,
,,,,,,,,,,,,,,,,,,,,,,,,,,,,,,,,,,,,,,,,,,,,,,,,,,,,,,,,,,
,,,,,,,,,,,,,,,,,,,,,,,,,,,,,,,,,,,,,,,,,,,,,,,,,,,,,,,,,,
,,,,,,,,,,,,,,,,,,,,,,,,,,,,,,,,,,,,,,,,,,,,,,,,,,,,,,,,,,
,,,,,,,,,,,,,,,,,,,,,,,,,,,,,,,,,,,,,,,,,,,,,,,,,,,,,,,,,,
,,,,,,,,,,,,,,,,,,,,,,,,,,,,,,,,,,,,,,,,,,,,,,,,,,,,,,,,,,
,,,,,,,,,,,,,,,,,,,,,,,,,,,,,,,,,,,,,,,,,,,,,,,,,,,,,,,,,,
,,,,,,,,,,,,,,,,,,,,,,,,,,,,,,,,,,,,,,,,,,,,,,,,,,,,,,,,,,
,,,,,,,,,,,,,,,,,,,,,,,,,,,,,,,,,,,,,,,,,,,,,,,,,,,,,,,,,,
,,,,,,,,,,,,,,,,,,,,,,,,,,,,,,,,,,,,,,,,,,,,,,,,,,,,,,,,,,
,,,,,,,,,,,,,,,,,,,,,,,,,,,,,,,,,,,,,,,,,,,,,,,,,,,,,,,,,,
,,,,,,,,,,,,,,,,,,,,,,,,,,,,,,,,,,,,,,,,,,,,,,,,,,,,,,,,,,
,,,,,,,,,,,,,,,,,,,,,,,,,,,,,,,,,,,,,,,,,,,,,,,,,,,,,,,,,,
,,,,,,,,,,,,,,,,,,,,,,,,,,,,,,,,,,,,,,,,,,,,,,,,,,,,,,,,,,
,,,,,,,,,,,,,,,,,,,,,,,,,,,,,,,,,,,,,,,,,,,,,,,,,,,,,,,,,,
,,,,,,,,,,,,,,,,,,,,,,,,,,,,,,,,,,,,,,,,,,,,,,,,,,,,,,,,,,
,,,,,,,,,,,,,,,,,,,,,,,,,,,,,,,,,,,,,,,,,,,,,,,,,,,,,,,,,,
,,,,,,,,,,,,,,,,,,,,,,,,,,,,,,,,,,,,,,,,,,,,,,,,,,,,,,,,,,
,,,,,,,,,,,,,,,,,,,,,,,,,,,,,,,,,,,,,,,,,,,,,,,,,,,,,,,,,,
,,,,,,,,,,,,,,,,,,,,,,,,,,,,,,,,,,,,,,,,,,,,,,,,,,,,,,,,,,
,,,,,,,,,,,,,,,,,,,,,,,,,,,,,,,,,,,,,,,,,,,,,,,,,,,,,,,,,,
,,,,,,,,,,,,,,,,,,,,,,,,,,,,,,,,,,,,,,,,,,,,,,,,,,,,,,,,,,
,,,,,,,,,,,,,,,,,,,,,,,,,,,,,,,,,,,,,,,,,,,,,,,,,,,,,,,,,,
,,,,,,,,,,,,,,,,,,,,,,,,,,,,,,,,,,,,,,,,,,,,,,,,,,,,,,,,,,
,,,,,,,,,,,,,,,,,,,,,,,,,,,,,,,,,,,,,,,,,,,,,,,,,,,,,,,,,,
,,,,,,,,,,,,,,,,,,,,,,,,,,,,,,,,,,,,,,,,,,,,,,,,,,,,,,,,,,
,,,,,,,,,,,,,,,,,,,,,,,,,,,,,,,,,,,,,,,,,,,,,,,,,,,,,,,,,,
,,,,,,,,,,,,,,,,,,,,,,,,,,,,,,,,,,,,,,,,,,,,,,,,,,,,,,,,,,
,,,,,,,,,,,,,,,,,,,,,,,,,,,,,,,,,,,,,,,,,,,,,,,,,,,,,,,,,,
,,,,,,,,,,,,,,,,,,,,,,,,,,,,,,,,,,,,,,,,,,,,,,,,,,,,,,,,,,
,,,,,,,,,,,,,,,,,,,,,,,,,,,,,,,,,,,,,,,,,,,,,,,,,,,,,,,,,,
,,,,,,,,,,,,,,,,,,,,,,,,,,,,,,,,,,,,,,,,,,,,,,,,,,,,,,,,,,
,,,,,,,,,,,,,,,,,,,,,,,,,,,,,,,,,,,,,,,,,,,,,,,,,,,,,,,,,,
,,,,,,,,,,,,,,,,,,,,,,,,,,,,,,,,,,,,,,,,,,,,,,,,,,,,,,,,,,
,,,,,,,,,,,,,,,,,,,,,,,,,,,,,,,,,,,,,,,,,,,,,,,,,,,,,,,,,,
,,,,,,,,,,,,,,,,,,,,,,,,,,,,,,,,,,,,,,,,,,,,,,,,,,,,,,,,,,
,,,,,,,,,,,,,,,,,,,,,,,,,,,,,,,,,,,,,,,,,,,,,,,,,,,,,,,,,,
,,,,,,,,,,,,,,,,,,,,,,,,,,,,,,,,,,,,,,,,,,,,,,,,,,,,,,,,,,
,,,,,,,,,,,,,,,,,,,,,,,,,,,,,,,,,,,,,,,,,,,,,,,,,,,,,,,,,,
,,,,,,,,,,,,,,,,,,,,,,,,,,,,,,,,,,,,,,,,,,,,,,,,,,,,,,,,,,
,,,,,,,,,,,,,,,,,,,,,,,,,,,,,,,,,,,,,,,,,,,,,,,,,,,,,,,,,,
,,,,,,,,,,,,,,,,,,,,,,,,,,,,,,,,,,,,,,,,,,,,,,,,,,,,,,,,,,
,,,,,,,,,,,,,,,,,,,,,,,,,,,,,,,,,,,,,,,,,,,,,,,,,,,,,,,,,,
,,,,,,,,,,,,,,,,,,,,,,,,,,,,,,,,,,,,,,,,,,,,,,,,,,,,,,,,,,
,,,,,,,,,,,,,,,,,,,,,,,,,,,,,,,,,,,,,,,,,,,,,,,,,,,,,,,,,,
,,,,,,,,,,,,,,,,,,,,,,,,,,,,,,,,,,,,,,,,,,,,,,,,,,,,,,,,,,
,,,,,,,,,,,,,,,,,,,,,,,,,,,,,,,,,,,,,,,,,,,,,,,,,,,,,,,,,,
,,,,,,,,,,,,,,,,,,,,,,,,,,,,,,,,,,,,,,,,,,,,,,,,,,,,,,,,,,
,,,,,,,,,,,,,,,,,,,,,,,,,,,,,,,,,,,,,,,,,,,,,,,,,,,,,,,,,,
,,,,,,,,,,,,,,,,,,,,,,,,,,,,,,,,,,,,,,,,,,,,,,,,,,,,,,,,,,
,,,,,,,,,,,,,,,,,,,,,,,,,,,,,,,,,,,,,,,,,,,,,,,,,,,,,,,,,,
,,,,,,,,,,,,,,,,,,,,,,,,,,,,,,,,,,,,,,,,,,,,,,,,,,,,,,,,,,
,,,,,,,,,,,,,,,,,,,,,,,,,,,,,,,,,,,,,,,,,,,,,,,,,,,,,,,,,,
,,,,,,,,,,,,,,,,,,,,,,,,,,,,,,,,,,,,,,,,,,,,,,,,,,,,,,,,,,
,,,,,,,,,,,,,,,,,,,,,,,,,,,,,,,,,,,,,,,,,,,,,,,,,,,,,,,,,,
,,,,,,,,,,,,,,,,,,,,,,,,,,,,,,,,,,,,,,,,,,,,,,,,,,,,,,,,,,
,,,,,,,,,,,,,,,,,,,,,,,,,,,,,,,,,,,,,,,,,,,,,,,,,,,,,,,,,,
,,,,,,,,,,,,,,,,,,,,,,,,,,,,,,,,,,,,,,,,,,,,,,,,,,,,,,,,,,
,,,,,,,,,,,,,,,,,,,,,,,,,,,,,,,,,,,,,,,,,,,,,,,,,,,,,,,,,,
,,,,,,,,,,,,,,,,,,,,,,,,,,,,,,,,,,,,,,,,,,,,,,,,,,,,,,,,,,
,,,,,,,,,,,,,,,,,,,,,,,,,,,,,,,,,,,,,,,,,,,,,,,,,,,,,,,,,,
,,,,,,,,,,,,,,,,,,,,,,,,,,,,,,,,,,,,,,,,,,,,,,,,,,,,,,,,,,
,,,,,,,,,,,,,,,,,,,,,,,,,,,,,,,,,,,,,,,,,,,,,,,,,,,,,,,,,,
,,,,,,,,,,,,,,,,,,,,,,,,,,,,,,,,,,,,,,,,,,,,,,,,,,,,,,,,,,
,,,,,,,,,,,,,,,,,,,,,,,,,,,,,,,,,,,,,,,,,,,,,,,,,,,,,,,,,,
,,,,,,,,,,,,,,,,,,,,,,,,,,,,,,,,,,,,,,,,,,,,,,,,,,,,,,,,,,
,,,,,,,,,,,,,,,,,,,,,,,,,,,,,,,,,,,,,,,,,,,,,,,,,,,,,,,,,,
,,,,,,,,,,,,,,,,,,,,,,,,,,,,,,,,,,,,,,,,,,,,,,,,,,,,,,,,,,
,,,,,,,,,,,,,,,,,,,,,,,,,,,,,,,,,,,,,,,,,,,,,,,,,,,,,,,,,,
,,,,,,,,,,,,,,,,,,,,,,,,,,,,,,,,,,,,,,,,,,,,,,,,,,,,,,,,,,
,,,,,,,,,,,,,,,,,,,,,,,,,,,,,,,,,,,,,,,,,,,,,,,,,,,,,,,,,,
,,,,,,,,,,,,,,,,,,,,,,,,,,,,,,,,,,,,,,,,,,,,,,,,,,,,,,,,,,
,,,,,,,,,,,,,,,,,,,,,,,,,,,,,,,,,,,,,,,,,,,,,,,,,,,,,,,,,,
,,,,,,,,,,,,,,,,,,,,,,,,,,,,,,,,,,,,,,,,,,,,,,,,,,,,,,,,,,
,,,,,,,,,,,,,,,,,,,,,,,,,,,,,,,,,,,,,,,,,,,,,,,,,,,,,,,,,,
,,,,,,,,,,,,,,,,,,,,,,,,,,,,,,,,,,,,,,,,,,,,,,,,,,,,,,,,,,
,,,,,,,,,,,,,,,,,,,,,,,,,,,,,,,,,,,,,,,,,,,,,,,,,,,,,,,,,,
,,,,,,,,,,,,,,,,,,,,,,,,,,,,,,,,,,,,,,,,,,,,,,,,,,,,,,,,,,
,,,,,,,,,,,,,,,,,,,,,,,,,,,,,,,,,,,,,,,,,,,,,,,,,,,,,,,,,,
,,,,,,,,,,,,,,,,,,,,,,,,,,,,,,,,,,,,,,,,,,,,,,,,,,,,,,,,,,
,,,,,,,,,,,,,,,,,,,,,,,,,,,,,,,,,,,,,,,,,,,,,,,,,,,,,,,,,,
,,,,,,,,,,,,,,,,,,,,,,,,,,,,,,,,,,,,,,,,,,,,,,,,,,,,,,,,,,
,,,,,,,,,,,,,,,,,,,,,,,,,,,,,,,,,,,,,,,,,,,,,,,,,,,,,,,,,,
,,,,,,,,,,,,,,,,,,,,,,,,,,,,,,,,,,,,,,,,,,,,,,,,,,,,,,,,,,
,,,,,,,,,,,,,,,,,,,,,,,,,,,,,,,,,,,,,,,,,,,,,,,,,,,,,,,,,,
,,,,,,,,,,,,,,,,,,,,,,,,,,,,,,,,,,,,,,,,,,,,,,,,,,,,,,,,,,
,,,,,,,,,,,,,,,,,,,,,,,,,,,,,,,,,,,,,,,,,,,,,,,,,,,,,,,,,,
,,,,,,,,,,,,,,,,,,,,,,,,,,,,,,,,,,,,,,,,,,,,,,,,,,,,,,,,,,
,,,,,,,,,,,,,,,,,,,,,,,,,,,,,,,,,,,,,,,,,,,,,,,,,,,,,,,,,,
,,,,,,,,,,,,,,,,,,,,,,,,,,,,,,,,,,,,,,,,,,,,,,,,,,,,,,,,,,
,,,,,,,,,,,,,,,,,,,,,,,,,,,,,,,,,,,,,,,,,,,,,,,,,,,,,,,,,,
,,,,,,,,,,,,,,,,,,,,,,,,,,,,,,,,,,,,,,,,,,,,,,,,,,,,,,,,,,
,,,,,,,,,,,,,,,,,,,,,,,,,,,,,,,,,,,,,,,,,,,,,,,,,,,,,,,,,,
,,,,,,,,,,,,,,,,,,,,,,,,,,,,,,,,,,,,,,,,,,,,,,,,,,,,,,,,,,
,,,,,,,,,,,,,,,,,,,,,,,,,,,,,,,,,,,,,,,,,,,,,,,,,,,,,,,,,,
,,,,,,,,,,,,,,,,,,,,,,,,,,,,,,,,,,,,,,,,,,,,,,,,,,,,,,,,,,
,,,,,,,,,,,,,,,,,,,,,,,,,,,,,,,,,,,,,,,,,,,,,,,,,,,,,,,,,,
,,,,,,,,,,,,,,,,,,,,,,,,,,,,,,,,,,,,,,,,,,,,,,,,,,,,,,,,,,
,,,,,,,,,,,,,,,,,,,,,,,,,,,,,,,,,,,,,,,,,,,,,,,,,,,,,,,,,,
,,,,,,,,,,,,,,,,,,,,,,,,,,,,,,,,,,,,,,,,,,,,,,,,,,,,,,,,,,
,,,,,,,,,,,,,,,,,,,,,,,,,,,,,,,,,,,,,,,,,,,,,,,,,,,,,,,,,,
,,,,,,,,,,,,,,,,,,,,,,,,,,,,,,,,,,,,,,,,,,,,,,,,,,,,,,,,,,
,,,,,,,,,,,,,,,,,,,,,,,,,,,,,,,,,,,,,,,,,,,,,,,,,,,,,,,,,,
,,,,,,,,,,,,,,,,,,,,,,,,,,,,,,,,,,,,,,,,,,,,,,,,,,,,,,,,,,
,,,,,,,,,,,,,,,,,,,,,,,,,,,,,,,,,,,,,,,,,,,,,,,,,,,,,,,,,,
,,,,,,,,,,,,,,,,,,,,,,,,,,,,,,,,,,,,,,,,,,,,,,,,,,,,,,,,,,
,,,,,,,,,,,,,,,,,,,,,,,,,,,,,,,,,,,,,,,,,,,,,,,,,,,,,,,,,,
,,,,,,,,,,,,,,,,,,,,,,,,,,,,,,,,,,,,,,,,,,,,,,,,,,,,,,,,,,
,,,,,,,,,,,,,,,,,,,,,,,,,,,,,,,,,,,,,,,,,,,,,,,,,,,,,,,,,,
,,,,,,,,,,,,,,,,,,,,,,,,,,,,,,,,,,,,,,,,,,,,,,,,,,,,,,,,,,
,,,,,,,,,,,,,,,,,,,,,,,,,,,,,,,,,,,,,,,,,,,,,,,,,,,,,,,,,,
,,,,,,,,,,,,,,,,,,,,,,,,,,,,,,,,,,,,,,,,,,,,,,,,,,,,,,,,,,
,,,,,,,,,,,,,,,,,,,,,,,,,,,,,,,,,,,,,,,,,,,,,,,,,,,,,,,,,,
,,,,,,,,,,,,,,,,,,,,,,,,,,,,,,,,,,,,,,,,,,,,,,,,,,,,,,,,,,
,,,,,,,,,,,,,,,,,,,,,,,,,,,,,,,,,,,,,,,,,,,,,,,,,,,,,,,,,,
,,,,,,,,,,,,,,,,,,,,,,,,,,,,,,,,,,,,,,,,,,,,,,,,,,,,,,,,,,
,,,,,,,,,,,,,,,,,,,,,,,,,,,,,,,,,,,,,,,,,,,,,,,,,,,,,,,,,,
,,,,,,,,,,,,,,,,,,,,,,,,,,,,,,,,,,,,,,,,,,,,,,,,,,,,,,,,,,
,,,,,,,,,,,,,,,,,,,,,,,,,,,,,,,,,,,,,,,,,,,,,,,,,,,,,,,,,,
,,,,,,,,,,,,,,,,,,,,,,,,,,,,,,,,,,,,,,,,,,,,,,,,,,,,,,,,,,
,,,,,,,,,,,,,,,,,,,,,,,,,,,,,,,,,,,,,,,,,,,,,,,,,,,,,,,,,,
,,,,,,,,,,,,,,,,,,,,,,,,,,,,,,,,,,,,,,,,,,,,,,,,,,,,,,,,,,
,,,,,,,,,,,,,,,,,,,,,,,,,,,,,,,,,,,,,,,,,,,,,,,,,,,,,,,,,,
,,,,,,,,,,,,,,,,,,,,,,,,,,,,,,,,,,,,,,,,,,,,,,,,,,,,,,,,,,
,,,,,,,,,,,,,,,,,,,,,,,,,,,,,,,,,,,,,,,,,,,,,,,,,,,,,,,,,,
,,,,,,,,,,,,,,,,,,,,,,,,,,,,,,,,,,,,,,,,,,,,,,,,,,,,,,,,,,
,,,,,,,,,,,,,,,,,,,,,,,,,,,,,,,,,,,,,,,,,,,,,,,,,,,,,,,,,,
,,,,,,,,,,,,,,,,,,,,,,,,,,,,,,,,,,,,,,,,,,,,,,,,,,,,,,,,,,
,,,,,,,,,,,,,,,,,,,,,,,,,,,,,,,,,,,,,,,,,,,,,,,,,,,,,,,,,,
,,,,,,,,,,,,,,,,,,,,,,,,,,,,,,,,,,,,,,,,,,,,,,,,,,,,,,,,,,
,,,,,,,,,,,,,,,,,,,,,,,,,,,,,,,,,,,,,,,,,,,,,,,,,,,,,,,,,,
,,,,,,,,,,,,,,,,,,,,,,,,,,,,,,,,,,,,,,,,,,,,,,,,,,,,,,,,,,
,,,,,,,,,,,,,,,,,,,,,,,,,,,,,,,,,,,,,,,,,,,,,,,,,,,,,,,,,,
,,,,,,,,,,,,,,,,,,,,,,,,,,,,,,,,,,,,,,,,,,,,,,,,,,,,,,,,,,
,,,,,,,,,,,,,,,,,,,,,,,,,,,,,,,,,,,,,,,,,,,,,,,,,,,,,,,,,,
,,,,,,,,,,,,,,,,,,,,,,,,,,,,,,,,,,,,,,,,,,,,,,,,,,,,,,,,,,
,,,,,,,,,,,,,,,,,,,,,,,,,,,,,,,,,,,,,,,,,,,,,,,,,,,,,,,,,,
,,,,,,,,,,,,,,,,,,,,,,,,,,,,,,,,,,,,,,,,,,,,,,,,,,,,,,,,,,
,,,,,,,,,,,,,,,,,,,,,,,,,,,,,,,,,,,,,,,,,,,,,,,,,,,,,,,,,,
,,,,,,,,,,,,,,,,,,,,,,,,,,,,,,,,,,,,,,,,,,,,,,,,,,,,,,,,,,
,,,,,,,,,,,,,,,,,,,,,,,,,,,,,,,,,,,,,,,,,,,,,,,,,,,,,,,,,,
,,,,,,,,,,,,,,,,,,,,,,,,,,,,,,,,,,,,,,,,,,,,,,,,,,,,,,,,,,
,,,,,,,,,,,,,,,,,,,,,,,,,,,,,,,,,,,,,,,,,,,,,,,,,,,,,,,,,,
,,,,,,,,,,,,,,,,,,,,,,,,,,,,,,,,,,,,,,,,,,,,,,,,,,,,,,,,,,
,,,,,,,,,,,,,,,,,,,,,,,,,,,,,,,,,,,,,,,,,,,,,,,,,,,,,,,,,,
,,,,,,,,,,,,,,,,,,,,,,,,,,,,,,,,,,,,,,,,,,,,,,,,,,,,,,,,,,
,,,,,,,,,,,,,,,,,,,,,,,,,,,,,,,,,,,,,,,,,,,,,,,,,,,,,,,,,,
,,,,,,,,,,,,,,,,,,,,,,,,,,,,,,,,,,,,,,,,,,,,,,,,,,,,,,,,,,
,,,,,,,,,,,,,,,,,,,,,,,,,,,,,,,,,,,,,,,,,,,,,,,,,,,,,,,,,,
,,,,,,,,,,,,,,,,,,,,,,,,,,,,,,,,,,,,,,,,,,,,,,,,,,,,,,,,,,
,,,,,,,,,,,,,,,,,,,,,,,,,,,,,,,,,,,,,,,,,,,,,,,,,,,,,,,,,,
,,,,,,,,,,,,,,,,,,,,,,,,,,,,,,,,,,,,,,,,,,,,,,,,,,,,,,,,,,
,,,,,,,,,,,,,,,,,,,,,,,,,,,,,,,,,,,,,,,,,,,,,,,,,,,,,,,,,,
,,,,,,,,,,,,,,,,,,,,,,,,,,,,,,,,,,,,,,,,,,,,,,,,,,,,,,,,,,
,,,,,,,,,,,,,,,,,,,,,,,,,,,,,,,,,,,,,,,,,,,,,,,,,,,,,,,,,,
,,,,,,,,,,,,,,,,,,,,,,,,,,,,,,,,,,,,,,,,,,,,,,,,,,,,,,,,,,
,,,,,,,,,,,,,,,,,,,,,,,,,,,,,,,,,,,,,,,,,,,,,,,,,,,,,,,,,,
,,,,,,,,,,,,,,,,,,,,,,,,,,,,,,,,,,,,,,,,,,,,,,,,,,,,,,,,,,
,,,,,,,,,,,,,,,,,,,,,,,,,,,,,,,,,,,,,,,,,,,,,,,,,,,,,,,,,,
,,,,,,,,,,,,,,,,,,,,,,,,,,,,,,,,,,,,,,,,,,,,,,,,,,,,,,,,,,
,,,,,,,,,,,,,,,,,,,,,,,,,,,,,,,,,,,,,,,,,,,,,,,,,,,,,,,,,,
,,,,,,,,,,,,,,,,,,,,,,,,,,,,,,,,,,,,,,,,,,,,,,,,,,,,,,,,,,
,,,,,,,,,,,,,,,,,,,,,,,,,,,,,,,,,,,,,,,,,,,,,,,,,,,,,,,,,,
,,,,,,,,,,,,,,,,,,,,,,,,,,,,,,,,,,,,,,,,,,,,,,,,,,,,,,,,,,
,,,,,,,,,,,,,,,,,,,,,,,,,,,,,,,,,,,,,,,,,,,,,,,,,,,,,,,,,,
,,,,,,,,,,,,,,,,,,,,,,,,,,,,,,,,,,,,,,,,,,,,,,,,,,,,,,,,,,
,,,,,,,,,,,,,,,,,,,,,,,,,,,,,,,,,,,,,,,,,,,,,,,,,,,,,,,,,,
,,,,,,,,,,,,,,,,,,,,,,,,,,,,,,,,,,,,,,,,,,,,,,,,,,,,,,,,,,
,,,,,,,,,,,,,,,,,,,,,,,,,,,,,,,,,,,,,,,,,,,,,,,,,,,,,,,,,,
,,,,,,,,,,,,,,,,,,,,,,,,,,,,,,,,,,,,,,,,,,,,,,,,,,,,,,,,,,
,,,,,,,,,,,,,,,,,,,,,,,,,,,,,,,,,,,,,,,,,,,,,,,,,,,,,,,,,,
,,,,,,,,,,,,,,,,,,,,,,,,,,,,,,,,,,,,,,,,,,,,,,,,,,,,,,,,,,
,,,,,,,,,,,,,,,,,,,,,,,,,,,,,,,,,,,,,,,,,,,,,,,,,,,,,,,,,,
,,,,,,,,,,,,,,,,,,,,,,,,,,,,,,,,,,,,,,,,,,,,,,,,,,,,,,,,,,
,,,,,,,,,,,,,,,,,,,,,,,,,,,,,,,,,,,,,,,,,,,,,,,,,,,,,,,,,,
,,,,,,,,,,,,,,,,,,,,,,,,,,,,,,,,,,,,,,,,,,,,,,,,,,,,,,,,,,
,,,,,,,,,,,,,,,,,,,,,,,,,,,,,,,,,,,,,,,,,,,,,,,,,,,,,,,,,,
,,,,,,,,,,,,,,,,,,,,,,,,,,,,,,,,,,,,,,,,,,,,,,,,,,,,,,,,,,
,,,,,,,,,,,,,,,,,,,,,,,,,,,,,,,,,,,,,,,,,,,,,,,,,,,,,,,,,,
,,,,,,,,,,,,,,,,,,,,,,,,,,,,,,,,,,,,,,,,,,,,,,,,,,,,,,,,,,
,,,,,,,,,,,,,,,,,,,,,,,,,,,,,,,,,,,,,,,,,,,,,,,,,,,,,,,,,,
,,,,,,,,,,,,,,,,,,,,,,,,,,,,,,,,,,,,,,,,,,,,,,,,,,,,,,,,,,
,,,,,,,,,,,,,,,,,,,,,,,,,,,,,,,,,,,,,,,,,,,,,,,,,,,,,,,,,,
,,,,,,,,,,,,,,,,,,,,,,,,,,,,,,,,,,,,,,,,,,,,,,,,,,,,,,,,,,
,,,,,,,,,,,,,,,,,,,,,,,,,,,,,,,,,,,,,,,,,,,,,,,,,,,,,,,,,,
,,,,,,,,,,,,,,,,,,,,,,,,,,,,,,,,,,,,,,,,,,,,,,,,,,,,,,,,,,
,,,,,,,,,,,,,,,,,,,,,,,,,,,,,,,,,,,,,,,,,,,,,,,,,,,,,,,,,,
,,,,,,,,,,,,,,,,,,,,,,,,,,,,,,,,,,,,,,,,,,,,,,,,,,,,,,,,,,
,,,,,,,,,,,,,,,,,,,,,,,,,,,,,,,,,,,,,,,,,,,,,,,,,,,,,,,,,,
,,,,,,,,,,,,,,,,,,,,,,,,,,,,,,,,,,,,,,,,,,,,,,,,,,,,,,,,,,
,,,,,,,,,,,,,,,,,,,,,,,,,,,,,,,,,,,,,,,,,,,,,,,,,,,,,,,,,,
,,,,,,,,,,,,,,,,,,,,,,,,,,,,,,,,,,,,,,,,,,,,,,,,,,,,,,,,,,
,,,,,,,,,,,,,,,,,,,,,,,,,,,,,,,,,,,,,,,,,,,,,,,,,,,,,,,,,,
,,,,,,,,,,,,,,,,,,,,,,,,,,,,,,,,,,,,,,,,,,,,,,,,,,,,,,,,,,
,,,,,,,,,,,,,,,,,,,,,,,,,,,,,,,,,,,,,,,,,,,,,,,,,,,,,,,,,,
,,,,,,,,,,,,,,,,,,,,,,,,,,,,,,,,,,,,,,,,,,,,,,,,,,,,,,,,,,
,,,,,,,,,,,,,,,,,,,,,,,,,,,,,,,,,,,,,,,,,,,,,,,,,,,,,,,,,,
,,,,,,,,,,,,,,,,,,,,,,,,,,,,,,,,,,,,,,,,,,,,,,,,,,,,,,,,,,
,,,,,,,,,,,,,,,,,,,,,,,,,,,,,,,,,,,,,,,,,,,,,,,,,,,,,,,,,,
,,,,,,,,,,,,,,,,,,,,,,,,,,,,,,,,,,,,,,,,,,,,,,,,,,,,,,,,,,
,,,,,,,,,,,,,,,,,,,,,,,,,,,,,,,,,,,,,,,,,,,,,,,,,,,,,,,,,,
,,,,,,,,,,,,,,,,,,,,,,,,,,,,,,,,,,,,,,,,,,,,,,,,,,,,,,,,,,
,,,,,,,,,,,,,,,,,,,,,,,,,,,,,,,,,,,,,,,,,,,,,,,,,,,,,,,,,,
,,,,,,,,,,,,,,,,,,,,,,,,,,,,,,,,,,,,,,,,,,,,,,,,,,,,,,,,,,
,,,,,,,,,,,,,,,,,,,,,,,,,,,,,,,,,,,,,,,,,,,,,,,,,,,,,,,,,,
,,,,,,,,,,,,,,,,,,,,,,,,,,,,,,,,,,,,,,,,,,,,,,,,,,,,,,,,,,
,,,,,,,,,,,,,,,,,,,,,,,,,,,,,,,,,,,,,,,,,,,,,,,,,,,,,,,,,,
,,,,,,,,,,,,,,,,,,,,,,,,,,,,,,,,,,,,,,,,,,,,,,,,,,,,,,,,,,
,,,,,,,,,,,,,,,,,,,,,,,,,,,,,,,,,,,,,,,,,,,,,,,,,,,,,,,,,,
,,,,,,,,,,,,,,,,,,,,,,,,,,,,,,,,,,,,,,,,,,,,,,,,,,,,,,,,,,
,,,,,,,,,,,,,,,,,,,,,,,,,,,,,,,,,,,,,,,,,,,,,,,,,,,,,,,,,,
,,,,,,,,,,,,,,,,,,,,,,,,,,,,,,,,,,,,,,,,,,,,,,,,,,,,,,,,,,
,,,,,,,,,,,,,,,,,,,,,,,,,,,,,,,,,,,,,,,,,,,,,,,,,,,,,,,,,,
,,,,,,,,,,,,,,,,,,,,,,,,,,,,,,,,,,,,,,,,,,,,,,,,,,,,,,,,,,
,,,,,,,,,,,,,,,,,,,,,,,,,,,,,,,,,,,,,,,,,,,,,,,,,,,,,,,,,,
,,,,,,,,,,,,,,,,,,,,,,,,,,,,,,,,,,,,,,,,,,,,,,,,,,,,,,,,,,
,,,,,,,,,,,,,,,,,,,,,,,,,,,,,,,,,,,,,,,,,,,,,,,,,,,,,,,,,,
,,,,,,,,,,,,,,,,,,,,,,,,,,,,,,,,,,,,,,,,,,,,,,,,,,,,,,,,,,
,,,,,,,,,,,,,,,,,,,,,,,,,,,,,,,,,,,,,,,,,,,,,,,,,,,,,,,,,,
,,,,,,,,,,,,,,,,,,,,,,,,,,,,,,,,,,,,,,,,,,,,,,,,,,,,,,,,,,
,,,,,,,,,,,,,,,,,,,,,,,,,,,,,,,,,,,,,,,,,,,,,,,,,,,,,,,,,,
,,,,,,,,,,,,,,,,,,,,,,,,,,,,,,,,,,,,,,,,,,,,,,,,,,,,,,,,,,
,,,,,,,,,,,,,,,,,,,,,,,,,,,,,,,,,,,,,,,,,,,,,,,,,,,,,,,,,,
,,,,,,,,,,,,,,,,,,,,,,,,,,,,,,,,,,,,,,,,,,,,,,,,,,,,,,,,,,
,,,,,,,,,,,,,,,,,,,,,,,,,,,,,,,,,,,,,,,,,,,,,,,,,,,,,,,,,,
,,,,,,,,,,,,,,,,,,,,,,,,,,,,,,,,,,,,,,,,,,,,,,,,,,,,,,,,,,
,,,,,,,,,,,,,,,,,,,,,,,,,,,,,,,,,,,,,,,,,,,,,,,,,,,,,,,,,,
,,,,,,,,,,,,,,,,,,,,,,,,,,,,,,,,,,,,,,,,,,,,,,,,,,,,,,,,,,
,,,,,,,,,,,,,,,,,,,,,,,,,,,,,,,,,,,,,,,,,,,,,,,,,,,,,,,,,,
,,,,,,,,,,,,,,,,,,,,,,,,,,,,,,,,,,,,,,,,,,,,,,,,,,,,,,,,,,
,,,,,,,,,,,,,,,,,,,,,,,,,,,,,,,,,,,,,,,,,,,,,,,,,,,,,,,,,,
,,,,,,,,,,,,,,,,,,,,,,,,,,,,,,,,,,,,,,,,,,,,,,,,,,,,,,,,,,
,,,,,,,,,,,,,,,,,,,,,,,,,,,,,,,,,,,,,,,,,,,,,,,,,,,,,,,,,,
,,,,,,,,,,,,,,,,,,,,,,,,,,,,,,,,,,,,,,,,,,,,,,,,,,,,,,,,,,
,,,,,,,,,,,,,,,,,,,,,,,,,,,,,,,,,,,,,,,,,,,,,,,,,,,,,,,,,,
,,,,,,,,,,,,,,,,,,,,,,,,,,,,,,,,,,,,,,,,,,,,,,,,,,,,,,,,,,
,,,,,,,,,,,,,,,,,,,,,,,,,,,,,,,,,,,,,,,,,,,,,,,,,,,,,,,,,,
,,,,,,,,,,,,,,,,,,,,,,,,,,,,,,,,,,,,,,,,,,,,,,,,,,,,,,,,,,
,,,,,,,,,,,,,,,,,,,,,,,,,,,,,,,,,,,,,,,,,,,,,,,,,,,,,,,,,,
,,,,,,,,,,,,,,,,,,,,,,,,,,,,,,,,,,,,,,,,,,,,,,,,,,,,,,,,,,
,,,,,,,,,,,,,,,,,,,,,,,,,,,,,,,,,,,,,,,,,,,,,,,,,,,,,,,,,,
,,,,,,,,,,,,,,,,,,,,,,,,,,,,,,,,,,,,,,,,,,,,,,,,,,,,,,,,,,
,,,,,,,,,,,,,,,,,,,,,,,,,,,,,,,,,,,,,,,,,,,,,,,,,,,,,,,,,,
,,,,,,,,,,,,,,,,,,,,,,,,,,,,,,,,,,,,,,,,,,,,,,,,,,,,,,,,,,
,,,,,,,,,,,,,,,,,,,,,,,,,,,,,,,,,,,,,,,,,,,,,,,,,,,,,,,,,,
,,,,,,,,,,,,,,,,,,,,,,,,,,,,,,,,,,,,,,,,,,,,,,,,,,,,,,,,,,
,,,,,,,,,,,,,,,,,,,,,,,,,,,,,,,,,,,,,,,,,,,,,,,,,,,,,,,,,,
,,,,,,,,,,,,,,,,,,,,,,,,,,,,,,,,,,,,,,,,,,,,,,,,,,,,,,,,,,
,,,,,,,,,,,,,,,,,,,,,,,,,,,,,,,,,,,,,,,,,,,,,,,,,,,,,,,,,,
,,,,,,,,,,,,,,,,,,,,,,,,,,,,,,,,,,,,,,,,,,,,,,,,,,,,,,,,,,
,,,,,,,,,,,,,,,,,,,,,,,,,,,,,,,,,,,,,,,,,,,,,,,,,,,,,,,,,,
,,,,,,,,,,,,,,,,,,,,,,,,,,,,,,,,,,,,,,,,,,,,,,,,,,,,,,,,,,
,,,,,,,,,,,,,,,,,,,,,,,,,,,,,,,,,,,,,,,,,,,,,,,,,,,,,,,,,,
,,,,,,,,,,,,,,,,,,,,,,,,,,,,,,,,,,,,,,,,,,,,,,,,,,,,,,,,,,
,,,,,,,,,,,,,,,,,,,,,,,,,,,,,,,,,,,,,,,,,,,,,,,,,,,,,,,,,,
,,,,,,,,,,,,,,,,,,,,,,,,,,,,,,,,,,,,,,,,,,,,,,,,,,,,,,,,,,
,,,,,,,,,,,,,,,,,,,,,,,,,,,,,,,,,,,,,,,,,,,,,,,,,,,,,,,,,,
,,,,,,,,,,,,,,,,,,,,,,,,,,,,,,,,,,,,,,,,,,,,,,,,,,,,,,,,,,
,,,,,,,,,,,,,,,,,,,,,,,,,,,,,,,,,,,,,,,,,,,,,,,,,,,,,,,,,,
,,,,,,,,,,,,,,,,,,,,,,,,,,,,,,,,,,,,,,,,,,,,,,,,,,,,,,,,,,
,,,,,,,,,,,,,,,,,,,,,,,,,,,,,,,,,,,,,,,,,,,,,,,,,,,,,,,,,,
,,,,,,,,,,,,,,,,,,,,,,,,,,,,,,,,,,,,,,,,,,,,,,,,,,,,,,,,,,
,,,,,,,,,,,,,,,,,,,,,,,,,,,,,,,,,,,,,,,,,,,,,,,,,,,,,,,,,,
,,,,,,,,,,,,,,,,,,,,,,,,,,,,,,,,,,,,,,,,,,,,,,,,,,,,,,,,,,
,,,,,,,,,,,,,,,,,,,,,,,,,,,,,,,,,,,,,,,,,,,,,,,,,,,,,,,,,,
,,,,,,,,,,,,,,,,,,,,,,,,,,,,,,,,,,,,,,,,,,,,,,,,,,,,,,,,,,
,,,,,,,,,,Industrial,,,,,,,,,,,,,,,,,,,,,,,,,,,,,,,,,,,,,,,,,,,,,,,,
